2025-10-13 13:05:03.972 - RealTimeSTT: realtimestt - INFO - Starting RealTimeSTT
2025-10-13 13:05:04.059 - RealTimeSTT: realtimestt - INFO - Initializing audio recording (creating pyAudio input stream, sample rate: 16000 buffer size: 512
2025-10-13 13:05:04.101 - RealTimeSTT: realtimestt - INFO - Initializing WebRTC voice with Sensitivity 3
2025-10-13 13:05:04.101 - RealTimeSTT: realtimestt - DEBUG - WebRTC VAD voice activity detection engine initialized successfully
2025-10-13 13:05:05.347 - RealTimeSTT: realtimestt - DEBUG - Silero VAD voice activity detection engine initialized successfully
2025-10-13 13:05:05.348 - RealTimeSTT: realtimestt - DEBUG - Starting realtime worker
2025-10-13 13:05:05.348 - RealTimeSTT: realtimestt - DEBUG - Waiting for main transcription model to start
2025-10-13 13:05:23.319 - RealTimeSTT: realtimestt - DEBUG - Main transcription model ready
2025-10-13 13:05:23.322 - RealTimeSTT: realtimestt - DEBUG - RealtimeSTT initialization completed successfully
2025-10-13 13:05:39.643 - RealTimeSTT: realtimestt - INFO - Setting listen time
2025-10-13 13:05:39.643 - RealTimeSTT: realtimestt - INFO - State changed from 'inactive' to 'listening'
2025-10-13 13:05:39.648 - RealTimeSTT: realtimestt - DEBUG - Waiting for recording start
2025-10-13 13:05:44.125 - RealTimeSTT: realtimestt - INFO - voice activity detected
2025-10-13 13:05:44.125 - RealTimeSTT: realtimestt - INFO - recording started
2025-10-13 13:05:44.125 - RealTimeSTT: realtimestt - INFO - State changed from 'listening' to 'recording'
2025-10-13 13:05:44.125 - RealTimeSTT: realtimestt - DEBUG - Waiting for recording stop
2025-10-13 13:05:49.941 - RealTimeSTT: realtimestt - INFO - recording stopped
2025-10-13 13:05:49.943 - RealTimeSTT: realtimestt - DEBUG - No samples removed, final audio length: 109568
2025-10-13 13:05:49.943 - RealTimeSTT: realtimestt - INFO - State changed from 'recording' to 'inactive'
2025-10-13 13:05:50.028 - RealTimeSTT: realtimestt - INFO - State changed from 'inactive' to 'transcribing'
2025-10-13 13:05:50.033 - RealTimeSTT: realtimestt - DEBUG - Adding transcription request, no early transcription started
2025-10-13 13:05:50.046 - RealTimeSTT: realtimestt - DEBUG - Receive from parent_transcription_pipe after sendiung transcription request, transcribe_count: 1
2025-10-13 13:05:50.147 - RealTimeSTT: realtimestt - DEBUG - Receive from parent_transcription_pipe after sendiung transcription request, transcribe_count: 1
2025-10-13 13:05:50.247 - RealTimeSTT: realtimestt - DEBUG - Receive from parent_transcription_pipe after sendiung transcription request, transcribe_count: 1
2025-10-13 13:05:50.349 - RealTimeSTT: realtimestt - DEBUG - Receive from parent_transcription_pipe after sendiung transcription request, transcribe_count: 1
2025-10-13 13:05:50.450 - RealTimeSTT: realtimestt - DEBUG - Receive from parent_transcription_pipe after sendiung transcription request, transcribe_count: 1
2025-10-13 13:05:50.550 - RealTimeSTT: realtimestt - DEBUG - Receive from parent_transcription_pipe after sendiung transcription request, transcribe_count: 1
2025-10-13 13:05:50.652 - RealTimeSTT: realtimestt - DEBUG - Receive from parent_transcription_pipe after sendiung transcription request, transcribe_count: 1
2025-10-13 13:05:50.691 - RealTimeSTT: realtimestt - INFO - State changed from 'transcribing' to 'inactive'
2025-10-13 13:05:50.699 - RealTimeSTT: realtimestt - DEBUG - Model tiny completed transcription in 0.67 seconds
2025-10-13 13:08:01.281 - RealTimeSTT: realtimestt - DEBUG - Receive from stdout pipe
2025-10-13 13:08:01.282 - RealTimeSTT: realtimestt - INFO - None
2025-10-13 13:12:13.313 - RealTimeSTT: realtimestt - INFO - Starting RealTimeSTT
2025-10-13 13:12:13.380 - RealTimeSTT: realtimestt - INFO - Initializing audio recording (creating pyAudio input stream, sample rate: 16000 buffer size: 512
2025-10-13 13:12:13.433 - RealTimeSTT: realtimestt - INFO - Initializing WebRTC voice with Sensitivity 3
2025-10-13 13:12:13.434 - RealTimeSTT: realtimestt - DEBUG - WebRTC VAD voice activity detection engine initialized successfully
2025-10-13 13:12:14.877 - RealTimeSTT: realtimestt - DEBUG - Silero VAD voice activity detection engine initialized successfully
2025-10-13 13:12:14.885 - RealTimeSTT: realtimestt - DEBUG - Starting realtime worker
2025-10-13 13:12:14.885 - RealTimeSTT: realtimestt - DEBUG - Waiting for main transcription model to start
2025-10-13 13:12:34.358 - RealTimeSTT: realtimestt - DEBUG - Main transcription model ready
2025-10-13 13:12:34.361 - RealTimeSTT: realtimestt - DEBUG - RealtimeSTT initialization completed successfully
2025-10-13 13:12:46.267 - RealTimeSTT: realtimestt - INFO - Setting listen time
2025-10-13 13:12:46.267 - RealTimeSTT: realtimestt - INFO - State changed from 'inactive' to 'listening'
2025-10-13 13:12:46.274 - RealTimeSTT: realtimestt - DEBUG - Waiting for recording start
2025-10-13 13:12:48.120 - RealTimeSTT: realtimestt - INFO - voice activity detected
2025-10-13 13:12:48.120 - RealTimeSTT: realtimestt - INFO - recording started
2025-10-13 13:12:48.121 - RealTimeSTT: realtimestt - INFO - State changed from 'listening' to 'recording'
2025-10-13 13:12:48.122 - RealTimeSTT: realtimestt - DEBUG - Waiting for recording stop
2025-10-13 13:12:51.568 - RealTimeSTT: realtimestt - INFO - recording stopped
2025-10-13 13:12:51.570 - RealTimeSTT: realtimestt - DEBUG - No samples removed, final audio length: 71680
2025-10-13 13:12:51.570 - RealTimeSTT: realtimestt - INFO - State changed from 'recording' to 'inactive'
2025-10-13 13:12:51.603 - RealTimeSTT: realtimestt - INFO - State changed from 'inactive' to 'transcribing'
2025-10-13 13:12:51.607 - RealTimeSTT: realtimestt - DEBUG - Adding transcription request, no early transcription started
2025-10-13 13:12:51.628 - RealTimeSTT: realtimestt - DEBUG - Receive from parent_transcription_pipe after sendiung transcription request, transcribe_count: 1
2025-10-13 13:12:51.729 - RealTimeSTT: realtimestt - DEBUG - Receive from parent_transcription_pipe after sendiung transcription request, transcribe_count: 1
2025-10-13 13:12:51.832 - RealTimeSTT: realtimestt - DEBUG - Receive from parent_transcription_pipe after sendiung transcription request, transcribe_count: 1
2025-10-13 13:12:51.934 - RealTimeSTT: realtimestt - DEBUG - Receive from parent_transcription_pipe after sendiung transcription request, transcribe_count: 1
2025-10-13 13:12:52.034 - RealTimeSTT: realtimestt - DEBUG - Receive from parent_transcription_pipe after sendiung transcription request, transcribe_count: 1
2025-10-13 13:12:52.136 - RealTimeSTT: realtimestt - DEBUG - Receive from parent_transcription_pipe after sendiung transcription request, transcribe_count: 1
2025-10-13 13:12:52.236 - RealTimeSTT: realtimestt - DEBUG - Receive from parent_transcription_pipe after sendiung transcription request, transcribe_count: 1
2025-10-13 13:12:52.268 - RealTimeSTT: realtimestt - INFO - State changed from 'transcribing' to 'inactive'
2025-10-13 13:12:52.322 - RealTimeSTT: realtimestt - DEBUG - Model tiny completed transcription in 0.72 seconds
2025-10-13 13:13:16.639 - RealTimeSTT: realtimestt - DEBUG - Receive from stdout pipe
2025-10-13 13:13:16.640 - RealTimeSTT: realtimestt - INFO - None
2025-10-13 13:16:09.156 - RealTimeSTT: realtimestt - INFO - Starting RealTimeSTT
2025-10-13 13:16:09.356 - RealTimeSTT: realtimestt - INFO - Initializing audio recording (creating pyAudio input stream, sample rate: 16000 buffer size: 512
2025-10-13 13:16:09.516 - RealTimeSTT: realtimestt - INFO - Initializing WebRTC voice with Sensitivity 3
2025-10-13 13:16:09.524 - RealTimeSTT: realtimestt - DEBUG - WebRTC VAD voice activity detection engine initialized successfully
2025-10-13 13:16:10.961 - RealTimeSTT: realtimestt - DEBUG - Silero VAD voice activity detection engine initialized successfully
2025-10-13 13:16:10.965 - RealTimeSTT: realtimestt - DEBUG - Starting realtime worker
2025-10-13 13:16:10.965 - RealTimeSTT: realtimestt - DEBUG - Waiting for main transcription model to start
2025-10-13 13:16:39.379 - RealTimeSTT: realtimestt - DEBUG - Main transcription model ready
2025-10-13 13:16:39.384 - RealTimeSTT: realtimestt - DEBUG - RealtimeSTT initialization completed successfully
2025-10-13 13:16:43.677 - RealTimeSTT: realtimestt - INFO - Setting listen time
2025-10-13 13:16:43.677 - RealTimeSTT: realtimestt - INFO - State changed from 'inactive' to 'listening'
2025-10-13 13:16:43.682 - RealTimeSTT: realtimestt - DEBUG - Waiting for recording start
2025-10-13 13:16:45.324 - RealTimeSTT: realtimestt - INFO - voice activity detected
2025-10-13 13:16:45.324 - RealTimeSTT: realtimestt - INFO - recording started
2025-10-13 13:16:45.324 - RealTimeSTT: realtimestt - INFO - State changed from 'listening' to 'recording'
2025-10-13 13:16:45.324 - RealTimeSTT: realtimestt - DEBUG - Waiting for recording stop
2025-10-13 13:16:49.677 - RealTimeSTT: realtimestt - INFO - recording stopped
2025-10-13 13:16:49.678 - RealTimeSTT: realtimestt - DEBUG - No samples removed, final audio length: 86016
2025-10-13 13:16:49.678 - RealTimeSTT: realtimestt - INFO - State changed from 'recording' to 'inactive'
2025-10-13 13:16:49.773 - RealTimeSTT: realtimestt - INFO - State changed from 'inactive' to 'transcribing'
2025-10-13 13:16:49.775 - RealTimeSTT: realtimestt - DEBUG - Adding transcription request, no early transcription started
2025-10-13 13:16:49.790 - RealTimeSTT: realtimestt - DEBUG - Receive from parent_transcription_pipe after sendiung transcription request, transcribe_count: 1
2025-10-13 13:16:49.890 - RealTimeSTT: realtimestt - DEBUG - Receive from parent_transcription_pipe after sendiung transcription request, transcribe_count: 1
2025-10-13 13:16:49.991 - RealTimeSTT: realtimestt - DEBUG - Receive from parent_transcription_pipe after sendiung transcription request, transcribe_count: 1
2025-10-13 13:16:50.091 - RealTimeSTT: realtimestt - DEBUG - Receive from parent_transcription_pipe after sendiung transcription request, transcribe_count: 1
2025-10-13 13:16:50.193 - RealTimeSTT: realtimestt - DEBUG - Receive from parent_transcription_pipe after sendiung transcription request, transcribe_count: 1
2025-10-13 13:16:50.293 - RealTimeSTT: realtimestt - DEBUG - Receive from parent_transcription_pipe after sendiung transcription request, transcribe_count: 1
2025-10-13 13:16:50.381 - RealTimeSTT: realtimestt - INFO - State changed from 'transcribing' to 'inactive'
2025-10-13 13:16:50.388 - RealTimeSTT: realtimestt - DEBUG - Model tiny completed transcription in 0.61 seconds
2025-10-13 13:31:04.359 - RealTimeSTT: realtimestt - INFO - Starting RealTimeSTT
2025-10-13 13:31:04.449 - RealTimeSTT: realtimestt - INFO - Initializing audio recording (creating pyAudio input stream, sample rate: 16000 buffer size: 512
2025-10-13 13:31:04.509 - RealTimeSTT: realtimestt - INFO - Initializing WebRTC voice with Sensitivity 3
2025-10-13 13:31:04.511 - RealTimeSTT: realtimestt - DEBUG - WebRTC VAD voice activity detection engine initialized successfully
2025-10-13 13:31:05.290 - RealTimeSTT: realtimestt - DEBUG - Silero VAD voice activity detection engine initialized successfully
2025-10-13 13:31:05.293 - RealTimeSTT: realtimestt - DEBUG - Starting realtime worker
2025-10-13 13:31:05.293 - RealTimeSTT: realtimestt - DEBUG - Waiting for main transcription model to start
2025-10-13 13:31:28.066 - RealTimeSTT: realtimestt - DEBUG - Main transcription model ready
2025-10-13 13:31:28.076 - RealTimeSTT: realtimestt - DEBUG - RealtimeSTT initialization completed successfully
2025-10-13 13:31:31.659 - RealTimeSTT: realtimestt - INFO - Setting listen time
2025-10-13 13:31:31.660 - RealTimeSTT: realtimestt - INFO - State changed from 'inactive' to 'listening'
2025-10-13 13:31:31.668 - RealTimeSTT: realtimestt - DEBUG - Waiting for recording start
2025-10-13 13:32:26.337 - RealTimeSTT: realtimestt - DEBUG - No samples removed, final audio length: 0
2025-10-13 13:32:26.339 - RealTimeSTT: realtimestt - INFO - State changed from 'listening' to 'inactive'
2025-10-13 13:32:26.339 - RealTimeSTT: realtimestt - DEBUG - Receive from stdout pipe
2025-10-13 13:32:26.339 - RealTimeSTT: realtimestt - INFO - None
2025-10-13 13:33:33.857 - RealTimeSTT: realtimestt - INFO - Starting RealTimeSTT
2025-10-13 13:33:33.909 - RealTimeSTT: realtimestt - INFO - Initializing audio recording (creating pyAudio input stream, sample rate: 16000 buffer size: 512
2025-10-13 13:33:33.982 - RealTimeSTT: realtimestt - INFO - Initializing WebRTC voice with Sensitivity 3
2025-10-13 13:33:33.982 - RealTimeSTT: realtimestt - DEBUG - WebRTC VAD voice activity detection engine initialized successfully
2025-10-13 13:33:34.733 - RealTimeSTT: realtimestt - DEBUG - Silero VAD voice activity detection engine initialized successfully
2025-10-13 13:33:34.736 - RealTimeSTT: realtimestt - DEBUG - Starting realtime worker
2025-10-13 13:33:34.737 - RealTimeSTT: realtimestt - DEBUG - Waiting for main transcription model to start
2025-10-13 13:33:54.056 - RealTimeSTT: realtimestt - DEBUG - Main transcription model ready
2025-10-13 13:33:54.058 - RealTimeSTT: realtimestt - DEBUG - RealtimeSTT initialization completed successfully
2025-10-13 13:33:59.853 - RealTimeSTT: realtimestt - INFO - Setting listen time
2025-10-13 13:33:59.853 - RealTimeSTT: realtimestt - INFO - State changed from 'inactive' to 'listening'
2025-10-13 13:33:59.858 - RealTimeSTT: realtimestt - DEBUG - Waiting for recording start
2025-10-13 13:34:02.000 - RealTimeSTT: realtimestt - INFO - voice activity detected
2025-10-13 13:34:02.000 - RealTimeSTT: realtimestt - INFO - recording started
2025-10-13 13:34:02.000 - RealTimeSTT: realtimestt - INFO - State changed from 'listening' to 'recording'
2025-10-13 13:34:02.001 - RealTimeSTT: realtimestt - DEBUG - Waiting for recording stop
2025-10-13 13:34:07.184 - RealTimeSTT: realtimestt - INFO - recording stopped
2025-10-13 13:34:07.185 - RealTimeSTT: realtimestt - DEBUG - No samples removed, final audio length: 99328
2025-10-13 13:34:07.185 - RealTimeSTT: realtimestt - INFO - State changed from 'recording' to 'inactive'
2025-10-13 13:34:07.208 - RealTimeSTT: realtimestt - INFO - State changed from 'inactive' to 'transcribing'
2025-10-13 13:34:07.211 - RealTimeSTT: realtimestt - DEBUG - Adding transcription request, no early transcription started
2025-10-13 13:34:07.219 - RealTimeSTT: realtimestt - DEBUG - Receive from parent_transcription_pipe after sendiung transcription request, transcribe_count: 1
2025-10-13 13:34:07.320 - RealTimeSTT: realtimestt - DEBUG - Receive from parent_transcription_pipe after sendiung transcription request, transcribe_count: 1
2025-10-13 13:34:07.423 - RealTimeSTT: realtimestt - DEBUG - Receive from parent_transcription_pipe after sendiung transcription request, transcribe_count: 1
2025-10-13 13:34:07.523 - RealTimeSTT: realtimestt - DEBUG - Receive from parent_transcription_pipe after sendiung transcription request, transcribe_count: 1
2025-10-13 13:34:07.624 - RealTimeSTT: realtimestt - DEBUG - Receive from parent_transcription_pipe after sendiung transcription request, transcribe_count: 1
2025-10-13 13:34:07.726 - RealTimeSTT: realtimestt - DEBUG - Receive from parent_transcription_pipe after sendiung transcription request, transcribe_count: 1
2025-10-13 13:34:07.828 - RealTimeSTT: realtimestt - DEBUG - Receive from parent_transcription_pipe after sendiung transcription request, transcribe_count: 1
2025-10-13 13:34:07.861 - RealTimeSTT: realtimestt - INFO - State changed from 'transcribing' to 'inactive'
2025-10-13 13:34:07.880 - RealTimeSTT: realtimestt - DEBUG - Model tiny completed transcription in 0.67 seconds
2025-10-13 13:35:19.189 - RealTimeSTT: realtimestt - DEBUG - Receive from stdout pipe
2025-10-13 13:35:19.198 - RealTimeSTT: realtimestt - INFO - None
2025-10-13 13:37:22.373 - RealTimeSTT: realtimestt - INFO - Starting RealTimeSTT
2025-10-13 13:37:22.447 - RealTimeSTT: realtimestt - INFO - Initializing audio recording (creating pyAudio input stream, sample rate: 16000 buffer size: 512
2025-10-13 13:37:22.517 - RealTimeSTT: realtimestt - INFO - Initializing WebRTC voice with Sensitivity 3
2025-10-13 13:37:22.519 - RealTimeSTT: realtimestt - DEBUG - WebRTC VAD voice activity detection engine initialized successfully
2025-10-13 13:37:23.949 - RealTimeSTT: realtimestt - DEBUG - Silero VAD voice activity detection engine initialized successfully
2025-10-13 13:37:23.951 - RealTimeSTT: realtimestt - DEBUG - Starting realtime worker
2025-10-13 13:37:23.951 - RealTimeSTT: realtimestt - DEBUG - Waiting for main transcription model to start
2025-10-13 13:37:50.557 - RealTimeSTT: realtimestt - DEBUG - Main transcription model ready
2025-10-13 13:37:50.564 - RealTimeSTT: realtimestt - DEBUG - RealtimeSTT initialization completed successfully
2025-10-13 13:37:58.662 - RealTimeSTT: realtimestt - INFO - Setting listen time
2025-10-13 13:37:58.663 - RealTimeSTT: realtimestt - INFO - State changed from 'inactive' to 'listening'
2025-10-13 13:37:58.767 - RealTimeSTT: realtimestt - DEBUG - Waiting for recording start
2025-10-13 13:38:01.676 - RealTimeSTT: realtimestt - INFO - voice activity detected
2025-10-13 13:38:01.676 - RealTimeSTT: realtimestt - INFO - recording started
2025-10-13 13:38:01.676 - RealTimeSTT: realtimestt - INFO - State changed from 'listening' to 'recording'
2025-10-13 13:38:01.678 - RealTimeSTT: realtimestt - DEBUG - Waiting for recording stop
2025-10-13 13:38:05.572 - RealTimeSTT: realtimestt - INFO - recording stopped
2025-10-13 13:38:05.576 - RealTimeSTT: realtimestt - DEBUG - No samples removed, final audio length: 78848
2025-10-13 13:38:05.576 - RealTimeSTT: realtimestt - INFO - State changed from 'recording' to 'inactive'
2025-10-13 13:38:05.634 - RealTimeSTT: realtimestt - INFO - State changed from 'inactive' to 'transcribing'
2025-10-13 13:38:05.639 - RealTimeSTT: realtimestt - DEBUG - Adding transcription request, no early transcription started
2025-10-13 13:38:05.642 - RealTimeSTT: realtimestt - DEBUG - Receive from parent_transcription_pipe after sendiung transcription request, transcribe_count: 1
2025-10-13 13:38:05.744 - RealTimeSTT: realtimestt - DEBUG - Receive from parent_transcription_pipe after sendiung transcription request, transcribe_count: 1
2025-10-13 13:38:05.845 - RealTimeSTT: realtimestt - DEBUG - Receive from parent_transcription_pipe after sendiung transcription request, transcribe_count: 1
2025-10-13 13:38:05.945 - RealTimeSTT: realtimestt - DEBUG - Receive from parent_transcription_pipe after sendiung transcription request, transcribe_count: 1
2025-10-13 13:38:06.045 - RealTimeSTT: realtimestt - DEBUG - Receive from parent_transcription_pipe after sendiung transcription request, transcribe_count: 1
2025-10-13 13:38:06.146 - RealTimeSTT: realtimestt - DEBUG - Receive from parent_transcription_pipe after sendiung transcription request, transcribe_count: 1
2025-10-13 13:38:06.246 - RealTimeSTT: realtimestt - DEBUG - Receive from parent_transcription_pipe after sendiung transcription request, transcribe_count: 1
2025-10-13 13:38:06.322 - RealTimeSTT: realtimestt - INFO - State changed from 'transcribing' to 'inactive'
2025-10-13 13:38:06.361 - RealTimeSTT: realtimestt - DEBUG - Model tiny completed transcription in 0.72 seconds
2025-10-13 13:41:27.736 - RealTimeSTT: realtimestt - INFO - Starting RealTimeSTT
2025-10-13 13:41:27.825 - RealTimeSTT: realtimestt - INFO - Initializing audio recording (creating pyAudio input stream, sample rate: 16000 buffer size: 512
2025-10-13 13:41:27.911 - RealTimeSTT: realtimestt - INFO - Initializing WebRTC voice with Sensitivity 3
2025-10-13 13:41:27.911 - RealTimeSTT: realtimestt - DEBUG - WebRTC VAD voice activity detection engine initialized successfully
2025-10-13 13:41:29.586 - RealTimeSTT: realtimestt - DEBUG - Silero VAD voice activity detection engine initialized successfully
2025-10-13 13:41:29.588 - RealTimeSTT: realtimestt - DEBUG - Starting realtime worker
2025-10-13 13:41:29.588 - RealTimeSTT: realtimestt - DEBUG - Waiting for main transcription model to start
2025-10-13 13:42:01.969 - RealTimeSTT: realtimestt - DEBUG - Main transcription model ready
2025-10-13 13:42:01.971 - RealTimeSTT: realtimestt - DEBUG - RealtimeSTT initialization completed successfully
2025-10-13 13:43:23.307 - RealTimeSTT: realtimestt - INFO - Setting listen time
2025-10-13 13:43:23.310 - RealTimeSTT: realtimestt - INFO - State changed from 'inactive' to 'listening'
2025-10-13 13:43:23.397 - RealTimeSTT: realtimestt - DEBUG - Waiting for recording start
2025-10-13 13:43:26.325 - RealTimeSTT: realtimestt - INFO - voice activity detected
2025-10-13 13:43:26.326 - RealTimeSTT: realtimestt - INFO - recording started
2025-10-13 13:43:26.327 - RealTimeSTT: realtimestt - INFO - State changed from 'listening' to 'recording'
2025-10-13 13:43:26.329 - RealTimeSTT: realtimestt - DEBUG - Waiting for recording stop
2025-10-13 13:43:30.941 - RealTimeSTT: realtimestt - INFO - recording stopped
2025-10-13 13:43:30.977 - RealTimeSTT: realtimestt - DEBUG - No samples removed, final audio length: 90112
2025-10-13 13:43:30.978 - RealTimeSTT: realtimestt - INFO - State changed from 'recording' to 'inactive'
2025-10-13 13:43:31.071 - RealTimeSTT: realtimestt - INFO - State changed from 'inactive' to 'transcribing'
2025-10-13 13:43:31.083 - RealTimeSTT: realtimestt - DEBUG - Adding transcription request, no early transcription started
2025-10-13 13:43:31.118 - RealTimeSTT: realtimestt - DEBUG - Receive from parent_transcription_pipe after sendiung transcription request, transcribe_count: 1
2025-10-13 13:43:31.219 - RealTimeSTT: realtimestt - DEBUG - Receive from parent_transcription_pipe after sendiung transcription request, transcribe_count: 1
2025-10-13 13:43:31.320 - RealTimeSTT: realtimestt - DEBUG - Receive from parent_transcription_pipe after sendiung transcription request, transcribe_count: 1
2025-10-13 13:43:31.420 - RealTimeSTT: realtimestt - DEBUG - Receive from parent_transcription_pipe after sendiung transcription request, transcribe_count: 1
2025-10-13 13:43:31.521 - RealTimeSTT: realtimestt - DEBUG - Receive from parent_transcription_pipe after sendiung transcription request, transcribe_count: 1
2025-10-13 13:43:31.622 - RealTimeSTT: realtimestt - DEBUG - Receive from parent_transcription_pipe after sendiung transcription request, transcribe_count: 1
2025-10-13 13:43:31.724 - RealTimeSTT: realtimestt - DEBUG - Receive from parent_transcription_pipe after sendiung transcription request, transcribe_count: 1
2025-10-13 13:43:31.826 - RealTimeSTT: realtimestt - DEBUG - Receive from parent_transcription_pipe after sendiung transcription request, transcribe_count: 1
2025-10-13 13:43:31.926 - RealTimeSTT: realtimestt - DEBUG - Receive from parent_transcription_pipe after sendiung transcription request, transcribe_count: 1
2025-10-13 13:43:32.026 - RealTimeSTT: realtimestt - DEBUG - Receive from parent_transcription_pipe after sendiung transcription request, transcribe_count: 1
2025-10-13 13:43:32.114 - RealTimeSTT: realtimestt - INFO - State changed from 'transcribing' to 'inactive'
2025-10-13 13:43:32.180 - RealTimeSTT: realtimestt - DEBUG - Model tiny completed transcription in 1.10 seconds
2025-10-13 13:44:29.061 - RealTimeSTT: realtimestt - DEBUG - Receive from stdout pipe
2025-10-13 13:44:29.063 - RealTimeSTT: realtimestt - INFO - None
2025-10-13 13:52:10.541 - RealTimeSTT: realtimestt - INFO - Starting RealTimeSTT
2025-10-13 13:52:10.618 - RealTimeSTT: realtimestt - INFO - Initializing audio recording (creating pyAudio input stream, sample rate: 16000 buffer size: 512
2025-10-13 13:52:10.680 - RealTimeSTT: realtimestt - INFO - Initializing WebRTC voice with Sensitivity 3
2025-10-13 13:52:10.680 - RealTimeSTT: realtimestt - DEBUG - WebRTC VAD voice activity detection engine initialized successfully
2025-10-13 13:52:11.853 - RealTimeSTT: realtimestt - DEBUG - Silero VAD voice activity detection engine initialized successfully
2025-10-13 13:52:11.857 - RealTimeSTT: realtimestt - DEBUG - Starting realtime worker
2025-10-13 13:52:11.857 - RealTimeSTT: realtimestt - DEBUG - Waiting for main transcription model to start
2025-10-13 13:52:28.139 - RealTimeSTT: realtimestt - DEBUG - Main transcription model ready
2025-10-13 13:52:28.141 - RealTimeSTT: realtimestt - DEBUG - RealtimeSTT initialization completed successfully
2025-10-13 13:52:33.504 - RealTimeSTT: realtimestt - INFO - Setting listen time
2025-10-13 13:52:33.504 - RealTimeSTT: realtimestt - INFO - State changed from 'inactive' to 'listening'
2025-10-13 13:52:33.512 - RealTimeSTT: realtimestt - DEBUG - Waiting for recording start
2025-10-13 13:52:35.114 - RealTimeSTT: realtimestt - INFO - voice activity detected
2025-10-13 13:52:35.114 - RealTimeSTT: realtimestt - INFO - recording started
2025-10-13 13:52:35.114 - RealTimeSTT: realtimestt - INFO - State changed from 'listening' to 'recording'
2025-10-13 13:52:35.115 - RealTimeSTT: realtimestt - DEBUG - Waiting for recording stop
2025-10-13 13:52:36.258 - RealTimeSTT: realtimestt - INFO - recording stopped
2025-10-13 13:52:36.259 - RealTimeSTT: realtimestt - DEBUG - No samples removed, final audio length: 34816
2025-10-13 13:52:36.259 - RealTimeSTT: realtimestt - INFO - State changed from 'recording' to 'inactive'
2025-10-13 13:52:36.275 - RealTimeSTT: realtimestt - INFO - State changed from 'inactive' to 'transcribing'
2025-10-13 13:52:36.279 - RealTimeSTT: realtimestt - DEBUG - Adding transcription request, no early transcription started
2025-10-13 13:52:36.280 - RealTimeSTT: realtimestt - DEBUG - Receive from parent_transcription_pipe after sendiung transcription request, transcribe_count: 1
2025-10-13 13:52:36.381 - RealTimeSTT: realtimestt - DEBUG - Receive from parent_transcription_pipe after sendiung transcription request, transcribe_count: 1
2025-10-13 13:52:36.482 - RealTimeSTT: realtimestt - DEBUG - Receive from parent_transcription_pipe after sendiung transcription request, transcribe_count: 1
2025-10-13 13:52:36.582 - RealTimeSTT: realtimestt - DEBUG - Receive from parent_transcription_pipe after sendiung transcription request, transcribe_count: 1
2025-10-13 13:52:36.683 - RealTimeSTT: realtimestt - DEBUG - Receive from parent_transcription_pipe after sendiung transcription request, transcribe_count: 1
2025-10-13 13:52:36.766 - RealTimeSTT: realtimestt - INFO - State changed from 'transcribing' to 'inactive'
2025-10-13 13:52:36.789 - RealTimeSTT: realtimestt - DEBUG - Model tiny completed transcription in 0.51 seconds
2025-10-13 13:53:00.263 - RealTimeSTT: realtimestt - DEBUG - Receive from stdout pipe
2025-10-13 13:53:00.263 - RealTimeSTT: realtimestt - INFO - None
2025-10-13 13:54:21.693 - RealTimeSTT: realtimestt - INFO - Starting RealTimeSTT
2025-10-13 13:54:21.749 - RealTimeSTT: realtimestt - INFO - Initializing audio recording (creating pyAudio input stream, sample rate: 16000 buffer size: 512
2025-10-13 13:54:21.804 - RealTimeSTT: realtimestt - INFO - Initializing WebRTC voice with Sensitivity 3
2025-10-13 13:54:21.805 - RealTimeSTT: realtimestt - DEBUG - WebRTC VAD voice activity detection engine initialized successfully
2025-10-13 13:54:22.940 - RealTimeSTT: realtimestt - DEBUG - Silero VAD voice activity detection engine initialized successfully
2025-10-13 13:54:22.943 - RealTimeSTT: realtimestt - DEBUG - Starting realtime worker
2025-10-13 13:54:22.943 - RealTimeSTT: realtimestt - DEBUG - Waiting for main transcription model to start
2025-10-13 13:54:37.442 - RealTimeSTT: realtimestt - DEBUG - Main transcription model ready
2025-10-13 13:54:37.446 - RealTimeSTT: realtimestt - DEBUG - RealtimeSTT initialization completed successfully
2025-10-13 13:58:18.952 - RealTimeSTT: realtimestt - INFO - Setting listen time
2025-10-13 13:58:18.953 - RealTimeSTT: realtimestt - INFO - State changed from 'inactive' to 'listening'
2025-10-13 13:58:18.981 - RealTimeSTT: realtimestt - DEBUG - Waiting for recording start
2025-10-13 13:58:21.415 - RealTimeSTT: realtimestt - INFO - voice activity detected
2025-10-13 13:58:21.415 - RealTimeSTT: realtimestt - INFO - recording started
2025-10-13 13:58:21.415 - RealTimeSTT: realtimestt - INFO - State changed from 'listening' to 'recording'
2025-10-13 13:58:21.418 - RealTimeSTT: realtimestt - DEBUG - Waiting for recording stop
2025-10-13 13:58:24.545 - RealTimeSTT: realtimestt - INFO - recording stopped
2025-10-13 13:58:24.549 - RealTimeSTT: realtimestt - DEBUG - No samples removed, final audio length: 66560
2025-10-13 13:58:24.549 - RealTimeSTT: realtimestt - INFO - State changed from 'recording' to 'inactive'
2025-10-13 13:58:24.627 - RealTimeSTT: realtimestt - INFO - State changed from 'inactive' to 'transcribing'
2025-10-13 13:58:24.632 - RealTimeSTT: realtimestt - DEBUG - Adding transcription request, no early transcription started
2025-10-13 13:58:24.657 - RealTimeSTT: realtimestt - DEBUG - Receive from parent_transcription_pipe after sendiung transcription request, transcribe_count: 1
2025-10-13 13:58:24.758 - RealTimeSTT: realtimestt - DEBUG - Receive from parent_transcription_pipe after sendiung transcription request, transcribe_count: 1
2025-10-13 13:58:24.859 - RealTimeSTT: realtimestt - DEBUG - Receive from parent_transcription_pipe after sendiung transcription request, transcribe_count: 1
2025-10-13 13:58:24.961 - RealTimeSTT: realtimestt - DEBUG - Receive from parent_transcription_pipe after sendiung transcription request, transcribe_count: 1
2025-10-13 13:58:25.061 - RealTimeSTT: realtimestt - DEBUG - Receive from parent_transcription_pipe after sendiung transcription request, transcribe_count: 1
2025-10-13 13:58:25.161 - RealTimeSTT: realtimestt - DEBUG - Receive from parent_transcription_pipe after sendiung transcription request, transcribe_count: 1
2025-10-13 13:58:25.262 - RealTimeSTT: realtimestt - DEBUG - Receive from parent_transcription_pipe after sendiung transcription request, transcribe_count: 1
2025-10-13 13:58:25.363 - RealTimeSTT: realtimestt - DEBUG - Receive from parent_transcription_pipe after sendiung transcription request, transcribe_count: 1
2025-10-13 13:58:25.464 - RealTimeSTT: realtimestt - DEBUG - Receive from parent_transcription_pipe after sendiung transcription request, transcribe_count: 1
2025-10-13 13:58:25.496 - RealTimeSTT: realtimestt - INFO - State changed from 'transcribing' to 'inactive'
2025-10-13 13:58:25.516 - RealTimeSTT: realtimestt - DEBUG - Model tiny completed transcription in 0.88 seconds
2025-10-13 13:59:30.780 - RealTimeSTT: realtimestt - DEBUG - Receive from stdout pipe
2025-10-13 13:59:30.780 - RealTimeSTT: realtimestt - INFO - None
2025-10-13 15:56:10.265 - RealTimeSTT: realtimestt - INFO - Starting RealTimeSTT
2025-10-13 15:56:10.324 - RealTimeSTT: realtimestt - INFO - Initializing audio recording (creating pyAudio input stream, sample rate: 16000 buffer size: 512
2025-10-13 15:56:10.366 - RealTimeSTT: realtimestt - INFO - Initializing WebRTC voice with Sensitivity 3
2025-10-13 15:56:10.366 - RealTimeSTT: realtimestt - DEBUG - WebRTC VAD voice activity detection engine initialized successfully
2025-10-13 15:56:11.491 - RealTimeSTT: realtimestt - DEBUG - Silero VAD voice activity detection engine initialized successfully
2025-10-13 15:56:11.496 - RealTimeSTT: realtimestt - DEBUG - Starting realtime worker
2025-10-13 15:56:11.496 - RealTimeSTT: realtimestt - DEBUG - Waiting for main transcription model to start
2025-10-13 15:56:23.547 - RealTimeSTT: realtimestt - DEBUG - Main transcription model ready
2025-10-13 15:56:23.549 - RealTimeSTT: realtimestt - DEBUG - RealtimeSTT initialization completed successfully
2025-10-13 15:56:26.064 - RealTimeSTT: realtimestt - INFO - Setting listen time
2025-10-13 15:56:26.064 - RealTimeSTT: realtimestt - INFO - State changed from 'inactive' to 'listening'
2025-10-13 15:56:26.068 - RealTimeSTT: realtimestt - DEBUG - Waiting for recording start
2025-10-13 15:56:31.785 - RealTimeSTT: realtimestt - INFO - voice activity detected
2025-10-13 15:56:31.785 - RealTimeSTT: realtimestt - INFO - recording started
2025-10-13 15:56:31.785 - RealTimeSTT: realtimestt - INFO - State changed from 'listening' to 'recording'
2025-10-13 15:56:31.785 - RealTimeSTT: realtimestt - DEBUG - Waiting for recording stop
2025-10-13 15:56:33.185 - RealTimeSTT: realtimestt - INFO - recording stopped
2025-10-13 15:56:33.186 - RealTimeSTT: realtimestt - DEBUG - No samples removed, final audio length: 38912
2025-10-13 15:56:33.186 - RealTimeSTT: realtimestt - INFO - State changed from 'recording' to 'inactive'
2025-10-13 15:56:33.250 - RealTimeSTT: realtimestt - INFO - State changed from 'inactive' to 'transcribing'
2025-10-13 15:56:33.254 - RealTimeSTT: realtimestt - DEBUG - Adding transcription request, no early transcription started
2025-10-13 15:56:33.266 - RealTimeSTT: realtimestt - DEBUG - Receive from parent_transcription_pipe after sendiung transcription request, transcribe_count: 1
2025-10-13 15:56:33.368 - RealTimeSTT: realtimestt - DEBUG - Receive from parent_transcription_pipe after sendiung transcription request, transcribe_count: 1
2025-10-13 15:56:33.469 - RealTimeSTT: realtimestt - DEBUG - Receive from parent_transcription_pipe after sendiung transcription request, transcribe_count: 1
2025-10-13 15:56:33.569 - RealTimeSTT: realtimestt - DEBUG - Receive from parent_transcription_pipe after sendiung transcription request, transcribe_count: 1
2025-10-13 15:56:33.670 - RealTimeSTT: realtimestt - DEBUG - Receive from parent_transcription_pipe after sendiung transcription request, transcribe_count: 1
2025-10-13 15:56:33.771 - RealTimeSTT: realtimestt - DEBUG - Receive from parent_transcription_pipe after sendiung transcription request, transcribe_count: 1
2025-10-13 15:56:33.784 - RealTimeSTT: realtimestt - INFO - State changed from 'transcribing' to 'inactive'
2025-10-13 15:56:33.837 - RealTimeSTT: realtimestt - DEBUG - Model tiny completed transcription in 0.58 seconds
2025-10-13 16:48:36.570 - RealTimeSTT: realtimestt - INFO - Starting RealTimeSTT
2025-10-13 16:48:36.626 - RealTimeSTT: realtimestt - INFO - Initializing audio recording (creating pyAudio input stream, sample rate: 16000 buffer size: 512
2025-10-13 16:48:36.661 - RealTimeSTT: realtimestt - INFO - Initializing WebRTC voice with Sensitivity 3
2025-10-13 16:48:36.661 - RealTimeSTT: realtimestt - DEBUG - WebRTC VAD voice activity detection engine initialized successfully
2025-10-13 16:48:39.385 - RealTimeSTT: realtimestt - DEBUG - Silero VAD voice activity detection engine initialized successfully
2025-10-13 16:48:39.400 - RealTimeSTT: realtimestt - DEBUG - Starting realtime worker
2025-10-13 16:48:39.400 - RealTimeSTT: realtimestt - DEBUG - Waiting for main transcription model to start
2025-10-13 16:48:51.477 - RealTimeSTT: realtimestt - DEBUG - Main transcription model ready
2025-10-13 16:48:51.479 - RealTimeSTT: realtimestt - DEBUG - RealtimeSTT initialization completed successfully
2025-10-13 16:48:59.514 - RealTimeSTT: realtimestt - INFO - Setting listen time
2025-10-13 16:48:59.515 - RealTimeSTT: realtimestt - INFO - State changed from 'inactive' to 'listening'
2025-10-13 16:48:59.532 - RealTimeSTT: realtimestt - DEBUG - Waiting for recording start
2025-10-13 16:49:00.605 - RealTimeSTT: realtimestt - INFO - voice activity detected
2025-10-13 16:49:00.606 - RealTimeSTT: realtimestt - INFO - recording started
2025-10-13 16:49:00.606 - RealTimeSTT: realtimestt - INFO - State changed from 'listening' to 'recording'
2025-10-13 16:49:00.606 - RealTimeSTT: realtimestt - DEBUG - Waiting for recording stop
2025-10-13 16:49:02.086 - RealTimeSTT: realtimestt - INFO - recording stopped
2025-10-13 16:49:02.087 - RealTimeSTT: realtimestt - DEBUG - No samples removed, final audio length: 39936
2025-10-13 16:49:02.087 - RealTimeSTT: realtimestt - INFO - State changed from 'recording' to 'inactive'
2025-10-13 16:49:02.095 - RealTimeSTT: realtimestt - INFO - State changed from 'inactive' to 'transcribing'
2025-10-13 16:49:02.100 - RealTimeSTT: realtimestt - DEBUG - Adding transcription request, no early transcription started
2025-10-13 16:49:02.116 - RealTimeSTT: realtimestt - DEBUG - Receive from parent_transcription_pipe after sendiung transcription request, transcribe_count: 1
2025-10-13 16:49:02.217 - RealTimeSTT: realtimestt - DEBUG - Receive from parent_transcription_pipe after sendiung transcription request, transcribe_count: 1
2025-10-13 16:49:02.318 - RealTimeSTT: realtimestt - DEBUG - Receive from parent_transcription_pipe after sendiung transcription request, transcribe_count: 1
2025-10-13 16:49:02.422 - RealTimeSTT: realtimestt - DEBUG - Receive from parent_transcription_pipe after sendiung transcription request, transcribe_count: 1
2025-10-13 16:49:02.522 - RealTimeSTT: realtimestt - DEBUG - Receive from parent_transcription_pipe after sendiung transcription request, transcribe_count: 1
2025-10-13 16:49:02.622 - RealTimeSTT: realtimestt - DEBUG - Receive from parent_transcription_pipe after sendiung transcription request, transcribe_count: 1
2025-10-13 16:49:02.673 - RealTimeSTT: realtimestt - INFO - State changed from 'transcribing' to 'inactive'
2025-10-13 16:49:02.695 - RealTimeSTT: realtimestt - DEBUG - Model tiny completed transcription in 0.59 seconds
2025-10-13 17:28:10.582 - RealTimeSTT: realtimestt - INFO - Starting RealTimeSTT
2025-10-13 17:28:10.740 - RealTimeSTT: realtimestt - INFO - Initializing audio recording (creating pyAudio input stream, sample rate: 16000 buffer size: 512
2025-10-13 17:28:10.794 - RealTimeSTT: realtimestt - INFO - Initializing WebRTC voice with Sensitivity 3
2025-10-13 17:28:10.794 - RealTimeSTT: realtimestt - DEBUG - WebRTC VAD voice activity detection engine initialized successfully
2025-10-13 17:28:13.584 - RealTimeSTT: realtimestt - DEBUG - Silero VAD voice activity detection engine initialized successfully
2025-10-13 17:28:13.587 - RealTimeSTT: realtimestt - DEBUG - Starting realtime worker
2025-10-13 17:28:13.587 - RealTimeSTT: realtimestt - DEBUG - Waiting for main transcription model to start
2025-10-13 17:28:28.638 - RealTimeSTT: realtimestt - DEBUG - Main transcription model ready
2025-10-13 17:28:28.639 - RealTimeSTT: realtimestt - DEBUG - RealtimeSTT initialization completed successfully
2025-10-13 17:28:33.191 - RealTimeSTT: realtimestt - INFO - Setting listen time
2025-10-13 17:28:33.191 - RealTimeSTT: realtimestt - INFO - State changed from 'inactive' to 'listening'
2025-10-13 17:28:33.198 - RealTimeSTT: realtimestt - DEBUG - Waiting for recording start
2025-10-13 17:28:35.873 - RealTimeSTT: realtimestt - INFO - voice activity detected
2025-10-13 17:28:35.873 - RealTimeSTT: realtimestt - INFO - recording started
2025-10-13 17:28:35.873 - RealTimeSTT: realtimestt - INFO - State changed from 'listening' to 'recording'
2025-10-13 17:28:35.873 - RealTimeSTT: realtimestt - DEBUG - Waiting for recording stop
2025-10-13 17:28:39.337 - RealTimeSTT: realtimestt - INFO - recording stopped
2025-10-13 17:28:39.339 - RealTimeSTT: realtimestt - DEBUG - No samples removed, final audio length: 71680
2025-10-13 17:28:39.339 - RealTimeSTT: realtimestt - INFO - State changed from 'recording' to 'inactive'
2025-10-13 17:28:39.380 - RealTimeSTT: realtimestt - INFO - State changed from 'inactive' to 'transcribing'
2025-10-13 17:28:39.384 - RealTimeSTT: realtimestt - DEBUG - Adding transcription request, no early transcription started
2025-10-13 17:28:39.395 - RealTimeSTT: realtimestt - DEBUG - Receive from parent_transcription_pipe after sendiung transcription request, transcribe_count: 1
2025-10-13 17:28:39.495 - RealTimeSTT: realtimestt - DEBUG - Receive from parent_transcription_pipe after sendiung transcription request, transcribe_count: 1
2025-10-13 17:28:39.596 - RealTimeSTT: realtimestt - DEBUG - Receive from parent_transcription_pipe after sendiung transcription request, transcribe_count: 1
2025-10-13 17:28:39.696 - RealTimeSTT: realtimestt - DEBUG - Receive from parent_transcription_pipe after sendiung transcription request, transcribe_count: 1
2025-10-13 17:28:39.796 - RealTimeSTT: realtimestt - DEBUG - Receive from parent_transcription_pipe after sendiung transcription request, transcribe_count: 1
2025-10-13 17:28:39.815 - RealTimeSTT: realtimestt - INFO - State changed from 'transcribing' to 'inactive'
2025-10-13 17:28:39.845 - RealTimeSTT: realtimestt - DEBUG - Model tiny completed transcription in 0.46 seconds
2025-10-13 17:29:00.694 - RealTimeSTT: realtimestt - DEBUG - Receive from stdout pipe
2025-10-13 17:29:00.694 - RealTimeSTT: realtimestt - INFO - None
2025-10-13 17:33:13.039 - RealTimeSTT: realtimestt - INFO - Starting RealTimeSTT
2025-10-13 17:33:13.079 - RealTimeSTT: realtimestt - INFO - Initializing audio recording (creating pyAudio input stream, sample rate: 16000 buffer size: 512
2025-10-13 17:33:13.117 - RealTimeSTT: realtimestt - INFO - Initializing WebRTC voice with Sensitivity 3
2025-10-13 17:33:13.117 - RealTimeSTT: realtimestt - DEBUG - WebRTC VAD voice activity detection engine initialized successfully
2025-10-13 17:33:14.189 - RealTimeSTT: realtimestt - DEBUG - Silero VAD voice activity detection engine initialized successfully
2025-10-13 17:33:14.189 - RealTimeSTT: realtimestt - DEBUG - Starting realtime worker
2025-10-13 17:33:14.189 - RealTimeSTT: realtimestt - DEBUG - Waiting for main transcription model to start
2025-10-13 17:33:27.668 - RealTimeSTT: realtimestt - DEBUG - Main transcription model ready
2025-10-13 17:33:27.671 - RealTimeSTT: realtimestt - DEBUG - RealtimeSTT initialization completed successfully
2025-10-13 17:33:33.890 - RealTimeSTT: realtimestt - INFO - Setting listen time
2025-10-13 17:33:33.890 - RealTimeSTT: realtimestt - INFO - State changed from 'inactive' to 'listening'
2025-10-13 17:33:33.895 - RealTimeSTT: realtimestt - DEBUG - Waiting for recording start
2025-10-13 17:33:35.527 - RealTimeSTT: realtimestt - INFO - voice activity detected
2025-10-13 17:33:35.527 - RealTimeSTT: realtimestt - INFO - recording started
2025-10-13 17:33:35.527 - RealTimeSTT: realtimestt - INFO - State changed from 'listening' to 'recording'
2025-10-13 17:33:35.527 - RealTimeSTT: realtimestt - DEBUG - Waiting for recording stop
2025-10-13 17:33:41.094 - RealTimeSTT: realtimestt - INFO - recording stopped
2025-10-13 17:33:41.096 - RealTimeSTT: realtimestt - DEBUG - No samples removed, final audio length: 105472
2025-10-13 17:33:41.096 - RealTimeSTT: realtimestt - INFO - State changed from 'recording' to 'inactive'
2025-10-13 17:33:41.182 - RealTimeSTT: realtimestt - INFO - State changed from 'inactive' to 'transcribing'
2025-10-13 17:33:41.186 - RealTimeSTT: realtimestt - DEBUG - Adding transcription request, no early transcription started
2025-10-13 17:33:41.186 - RealTimeSTT: realtimestt - DEBUG - Receive from parent_transcription_pipe after sendiung transcription request, transcribe_count: 1
2025-10-13 17:33:41.288 - RealTimeSTT: realtimestt - DEBUG - Receive from parent_transcription_pipe after sendiung transcription request, transcribe_count: 1
2025-10-13 17:33:41.388 - RealTimeSTT: realtimestt - DEBUG - Receive from parent_transcription_pipe after sendiung transcription request, transcribe_count: 1
2025-10-13 17:33:41.489 - RealTimeSTT: realtimestt - DEBUG - Receive from parent_transcription_pipe after sendiung transcription request, transcribe_count: 1
2025-10-13 17:33:41.589 - RealTimeSTT: realtimestt - DEBUG - Receive from parent_transcription_pipe after sendiung transcription request, transcribe_count: 1
2025-10-13 17:33:41.690 - RealTimeSTT: realtimestt - DEBUG - Receive from parent_transcription_pipe after sendiung transcription request, transcribe_count: 1
2025-10-13 17:33:41.790 - RealTimeSTT: realtimestt - DEBUG - Receive from parent_transcription_pipe after sendiung transcription request, transcribe_count: 1
2025-10-13 17:33:41.891 - RealTimeSTT: realtimestt - DEBUG - Receive from parent_transcription_pipe after sendiung transcription request, transcribe_count: 1
2025-10-13 17:33:41.992 - RealTimeSTT: realtimestt - DEBUG - Receive from parent_transcription_pipe after sendiung transcription request, transcribe_count: 1
2025-10-13 17:33:42.092 - RealTimeSTT: realtimestt - DEBUG - Receive from parent_transcription_pipe after sendiung transcription request, transcribe_count: 1
2025-10-13 17:33:42.123 - RealTimeSTT: realtimestt - INFO - State changed from 'transcribing' to 'inactive'
2025-10-13 17:33:42.155 - RealTimeSTT: realtimestt - DEBUG - Model base completed transcription in 0.97 seconds
2025-10-13 18:33:21.490 - RealTimeSTT: realtimestt - INFO - Starting RealTimeSTT
2025-10-13 18:33:21.535 - RealTimeSTT: realtimestt - INFO - Initializing audio recording (creating pyAudio input stream, sample rate: 16000 buffer size: 512
2025-10-13 18:33:21.585 - RealTimeSTT: realtimestt - INFO - Initializing faster_whisper realtime transcription model tiny, default device: cpu, compute type: int8, device index: 0, download root: None
2025-10-13 18:33:24.287 - RealTimeSTT: realtimestt - DEBUG - Faster_whisper realtime speech to text transcription model initialized successfully
2025-10-13 18:33:24.287 - RealTimeSTT: realtimestt - INFO - Initializing WebRTC voice with Sensitivity 3
2025-10-13 18:33:24.288 - RealTimeSTT: realtimestt - DEBUG - WebRTC VAD voice activity detection engine initialized successfully
2025-10-13 18:33:25.272 - RealTimeSTT: realtimestt - DEBUG - Silero VAD voice activity detection engine initialized successfully
2025-10-13 18:33:25.272 - RealTimeSTT: realtimestt - DEBUG - Starting realtime worker
2025-10-13 18:33:25.272 - RealTimeSTT: realtimestt - DEBUG - Waiting for main transcription model to start
2025-10-13 18:33:37.918 - RealTimeSTT: realtimestt - DEBUG - Main transcription model ready
2025-10-13 18:33:37.920 - RealTimeSTT: realtimestt - DEBUG - RealtimeSTT initialization completed successfully
2025-10-13 18:33:37.923 - RealTimeSTT: realtimestt - INFO - Setting listen time
2025-10-13 18:33:37.923 - RealTimeSTT: realtimestt - INFO - State changed from 'inactive' to 'listening'
2025-10-13 18:33:37.933 - RealTimeSTT: realtimestt - DEBUG - Waiting for recording start
2025-10-13 18:33:48.464 - RealTimeSTT: realtimestt - INFO - voice activity detected
2025-10-13 18:33:48.464 - RealTimeSTT: realtimestt - INFO - recording started
2025-10-13 18:33:48.464 - RealTimeSTT: realtimestt - INFO - State changed from 'listening' to 'recording'
2025-10-13 18:33:48.465 - RealTimeSTT: realtimestt - DEBUG - Waiting for recording stop
2025-10-13 18:33:48.479 - RealTimeSTT: realtimestt - DEBUG - Current realtime buffer size: 16896
2025-10-13 18:33:48.899 - RealTimeSTT: realtimestt - DEBUG - Realtime text detected:  Goodbye.
2025-10-13 18:33:48.900 - RealTimeSTT: realtimestt - DEBUG - Current realtime buffer size: 23040
2025-10-13 18:33:49.340 - RealTimeSTT: realtimestt - DEBUG - Realtime text detected:  Good news.
2025-10-13 18:33:49.340 - RealTimeSTT: realtimestt - DEBUG - Current realtime buffer size: 30208
2025-10-13 18:33:49.779 - RealTimeSTT: realtimestt - DEBUG - Realtime text detected:  Good news.
2025-10-13 18:33:49.779 - RealTimeSTT: realtimestt - DEBUG - Current realtime buffer size: 37376
2025-10-13 18:33:50.218 - RealTimeSTT: realtimestt - DEBUG - Realtime text detected:  Could use Dmd.
2025-10-13 18:33:50.329 - RealTimeSTT: realtimestt - DEBUG - Current realtime buffer size: 46592
2025-10-13 18:33:50.731 - RealTimeSTT: realtimestt - DEBUG - Realtime text detected:  Good news, Damedi.
2025-10-13 18:33:50.732 - RealTimeSTT: realtimestt - DEBUG - Current realtime buffer size: 52736
2025-10-13 18:33:51.182 - RealTimeSTT: realtimestt - DEBUG - Realtime text detected:  could use Dmd.
2025-10-13 18:33:51.182 - RealTimeSTT: realtimestt - DEBUG - Current realtime buffer size: 59904
2025-10-13 18:33:51.545 - RealTimeSTT: realtimestt - DEBUG - Realtime text detected:  could use Dmd
2025-10-13 18:33:51.609 - RealTimeSTT: realtimestt - DEBUG - Current realtime buffer size: 67072
2025-10-13 18:33:52.011 - RealTimeSTT: realtimestt - DEBUG - Realtime text detected:  could use the
2025-10-13 18:33:52.011 - RealTimeSTT: realtimestt - DEBUG - Current realtime buffer size: 73216
2025-10-13 18:33:52.412 - RealTimeSTT: realtimestt - DEBUG - Realtime text detected:  could use the
2025-10-13 18:33:52.412 - RealTimeSTT: realtimestt - DEBUG - Current realtime buffer size: 79360
2025-10-13 18:33:52.792 - RealTimeSTT: realtimestt - DEBUG - Realtime text detected:  could use maybe um this does
2025-10-13 18:33:52.792 - RealTimeSTT: realtimestt - DEBUG - Current realtime buffer size: 85504
2025-10-13 18:33:53.197 - RealTimeSTT: realtimestt - DEBUG - Realtime text detected:  could use the, um, desktop service
2025-10-13 18:33:53.198 - RealTimeSTT: realtimestt - DEBUG - Current realtime buffer size: 91648
2025-10-13 18:33:53.712 - RealTimeSTT: realtimestt - DEBUG - Realtime text detected:  could use the, um, desktop services.
2025-10-13 18:33:53.712 - RealTimeSTT: realtimestt - DEBUG - Current realtime buffer size: 100864
2025-10-13 18:33:54.207 - RealTimeSTT: realtimestt - DEBUG - Realtime text detected:  could use the, um, desktop services.
2025-10-13 18:33:54.208 - RealTimeSTT: realtimestt - DEBUG - Current realtime buffer size: 108032
2025-10-13 18:33:54.700 - RealTimeSTT: realtimestt - DEBUG - Realtime text detected:  could use, give me the, um, desktop services, you know, goodbye.
2025-10-13 18:33:54.700 - RealTimeSTT: realtimestt - DEBUG - Current realtime buffer size: 116224
2025-10-13 18:33:55.200 - RealTimeSTT: realtimestt - DEBUG - Realtime text detected:  could use, give me the, um, desktop services, you know, to buy Shambla.
2025-10-13 18:33:55.200 - RealTimeSTT: realtimestt - DEBUG - Current realtime buffer size: 124416
2025-10-13 18:33:55.568 - RealTimeSTT: realtimestt - INFO - recording stopped
2025-10-13 18:33:55.570 - RealTimeSTT: realtimestt - DEBUG - No samples removed, final audio length: 130048
2025-10-13 18:33:55.570 - RealTimeSTT: realtimestt - INFO - State changed from 'recording' to 'inactive'
2025-10-13 18:33:55.577 - RealTimeSTT: realtimestt - INFO - State changed from 'inactive' to 'transcribing'
2025-10-13 18:33:55.582 - RealTimeSTT: realtimestt - DEBUG - Adding transcription request, no early transcription started
2025-10-13 18:33:55.585 - RealTimeSTT: realtimestt - DEBUG - Receive from parent_transcription_pipe after sendiung transcription request, transcribe_count: 1
2025-10-13 18:33:55.685 - RealTimeSTT: realtimestt - DEBUG - Receive from parent_transcription_pipe after sendiung transcription request, transcribe_count: 1
2025-10-13 18:33:55.708 - RealTimeSTT: realtimestt - DEBUG - Realtime text detected:  could use, give me the, um, desktop services, you know, to buy Shambla tech.
2025-10-13 18:33:55.787 - RealTimeSTT: realtimestt - DEBUG - Receive from parent_transcription_pipe after sendiung transcription request, transcribe_count: 1
2025-10-13 18:33:55.888 - RealTimeSTT: realtimestt - DEBUG - Receive from parent_transcription_pipe after sendiung transcription request, transcribe_count: 1
2025-10-13 18:33:55.989 - RealTimeSTT: realtimestt - DEBUG - Receive from parent_transcription_pipe after sendiung transcription request, transcribe_count: 1
2025-10-13 18:33:56.089 - RealTimeSTT: realtimestt - DEBUG - Receive from parent_transcription_pipe after sendiung transcription request, transcribe_count: 1
2025-10-13 18:33:56.127 - RealTimeSTT: realtimestt - INFO - State changed from 'transcribing' to 'inactive'
2025-10-13 18:33:56.145 - RealTimeSTT: realtimestt - DEBUG - Model tiny completed transcription in 0.56 seconds
2025-10-13 18:37:36.581 - RealTimeSTT: realtimestt - INFO - Starting RealTimeSTT
2025-10-13 18:37:36.630 - RealTimeSTT: realtimestt - INFO - Initializing audio recording (creating pyAudio input stream, sample rate: 16000 buffer size: 512
2025-10-13 18:37:36.664 - RealTimeSTT: realtimestt - INFO - Initializing faster_whisper realtime transcription model tiny, default device: cpu, compute type: int8, device index: 0, download root: None
2025-10-13 18:37:39.382 - RealTimeSTT: realtimestt - DEBUG - Faster_whisper realtime speech to text transcription model initialized successfully
2025-10-13 18:37:39.382 - RealTimeSTT: realtimestt - INFO - Initializing WebRTC voice with Sensitivity 3
2025-10-13 18:37:39.382 - RealTimeSTT: realtimestt - DEBUG - WebRTC VAD voice activity detection engine initialized successfully
2025-10-13 18:37:40.156 - RealTimeSTT: realtimestt - DEBUG - Silero VAD voice activity detection engine initialized successfully
2025-10-13 18:37:40.161 - RealTimeSTT: realtimestt - DEBUG - Starting realtime worker
2025-10-13 18:37:40.161 - RealTimeSTT: realtimestt - DEBUG - Waiting for main transcription model to start
2025-10-13 18:37:55.993 - RealTimeSTT: realtimestt - DEBUG - Main transcription model ready
2025-10-13 18:37:55.995 - RealTimeSTT: realtimestt - DEBUG - RealtimeSTT initialization completed successfully
2025-10-13 18:37:55.999 - RealTimeSTT: realtimestt - INFO - Starting RealTimeSTT
2025-10-13 18:37:55.999 - RealTimeSTT: realtimestt - INFO - Starting RealTimeSTT
2025-10-13 18:37:56.039 - RealTimeSTT: realtimestt - INFO - Initializing audio recording (creating pyAudio input stream, sample rate: 16000 buffer size: 512
2025-10-13 18:37:56.039 - RealTimeSTT: realtimestt - INFO - Initializing audio recording (creating pyAudio input stream, sample rate: 16000 buffer size: 512
2025-10-13 18:37:56.097 - RealTimeSTT: realtimestt - INFO - Initializing faster_whisper realtime transcription model tiny, default device: cpu, compute type: int8, device index: 0, download root: None
2025-10-13 18:37:56.097 - RealTimeSTT: realtimestt - INFO - Initializing faster_whisper realtime transcription model tiny, default device: cpu, compute type: int8, device index: 0, download root: None
2025-10-13 18:37:57.361 - RealTimeSTT: realtimestt - DEBUG - Faster_whisper realtime speech to text transcription model initialized successfully
2025-10-13 18:37:57.361 - RealTimeSTT: realtimestt - DEBUG - Faster_whisper realtime speech to text transcription model initialized successfully
2025-10-13 18:37:57.362 - RealTimeSTT: realtimestt - INFO - Initializing WebRTC voice with Sensitivity 3
2025-10-13 18:37:57.362 - RealTimeSTT: realtimestt - INFO - Initializing WebRTC voice with Sensitivity 3
2025-10-13 18:37:57.362 - RealTimeSTT: realtimestt - DEBUG - WebRTC VAD voice activity detection engine initialized successfully
2025-10-13 18:37:57.362 - RealTimeSTT: realtimestt - DEBUG - WebRTC VAD voice activity detection engine initialized successfully
2025-10-13 18:37:58.270 - RealTimeSTT: realtimestt - DEBUG - Silero VAD voice activity detection engine initialized successfully
2025-10-13 18:37:58.270 - RealTimeSTT: realtimestt - DEBUG - Silero VAD voice activity detection engine initialized successfully
2025-10-13 18:37:58.273 - RealTimeSTT: realtimestt - DEBUG - Starting realtime worker
2025-10-13 18:37:58.273 - RealTimeSTT: realtimestt - DEBUG - Starting realtime worker
2025-10-13 18:37:58.273 - RealTimeSTT: realtimestt - DEBUG - Waiting for main transcription model to start
2025-10-13 18:37:58.273 - RealTimeSTT: realtimestt - DEBUG - Waiting for main transcription model to start
2025-10-13 18:45:53.412 - RealTimeSTT: realtimestt - INFO - Starting RealTimeSTT
2025-10-13 18:45:53.461 - RealTimeSTT: realtimestt - INFO - Initializing audio recording (creating pyAudio input stream, sample rate: 16000 buffer size: 512
2025-10-13 18:45:53.498 - RealTimeSTT: realtimestt - INFO - Initializing faster_whisper realtime transcription model tiny, default device: cpu, compute type: int8, device index: 0, download root: None
2025-10-13 18:45:55.739 - RealTimeSTT: realtimestt - DEBUG - Faster_whisper realtime speech to text transcription model initialized successfully
2025-10-13 18:45:55.739 - RealTimeSTT: realtimestt - INFO - Initializing WebRTC voice with Sensitivity 3
2025-10-13 18:45:55.739 - RealTimeSTT: realtimestt - DEBUG - WebRTC VAD voice activity detection engine initialized successfully
2025-10-13 18:45:56.963 - RealTimeSTT: realtimestt - DEBUG - Silero VAD voice activity detection engine initialized successfully
2025-10-13 18:45:56.972 - RealTimeSTT: realtimestt - DEBUG - Starting realtime worker
2025-10-13 18:45:56.972 - RealTimeSTT: realtimestt - DEBUG - Waiting for main transcription model to start
2025-10-13 18:46:08.890 - RealTimeSTT: realtimestt - DEBUG - Main transcription model ready
2025-10-13 18:46:08.893 - RealTimeSTT: realtimestt - DEBUG - RealtimeSTT initialization completed successfully
2025-10-13 18:46:08.895 - RealTimeSTT: realtimestt - INFO - Starting RealTimeSTT
2025-10-13 18:46:08.895 - RealTimeSTT: realtimestt - INFO - Starting RealTimeSTT
2025-10-13 18:46:08.949 - RealTimeSTT: realtimestt - INFO - Initializing audio recording (creating pyAudio input stream, sample rate: 16000 buffer size: 512
2025-10-13 18:46:08.949 - RealTimeSTT: realtimestt - INFO - Initializing audio recording (creating pyAudio input stream, sample rate: 16000 buffer size: 512
2025-10-13 18:46:08.990 - RealTimeSTT: realtimestt - INFO - Initializing faster_whisper realtime transcription model tiny, default device: cpu, compute type: int8, device index: 0, download root: None
2025-10-13 18:46:08.990 - RealTimeSTT: realtimestt - INFO - Initializing faster_whisper realtime transcription model tiny, default device: cpu, compute type: int8, device index: 0, download root: None
2025-10-13 18:46:10.579 - RealTimeSTT: realtimestt - DEBUG - Faster_whisper realtime speech to text transcription model initialized successfully
2025-10-13 18:46:10.579 - RealTimeSTT: realtimestt - DEBUG - Faster_whisper realtime speech to text transcription model initialized successfully
2025-10-13 18:46:10.579 - RealTimeSTT: realtimestt - INFO - Initializing WebRTC voice with Sensitivity 3
2025-10-13 18:46:10.579 - RealTimeSTT: realtimestt - INFO - Initializing WebRTC voice with Sensitivity 3
2025-10-13 18:46:10.580 - RealTimeSTT: realtimestt - DEBUG - WebRTC VAD voice activity detection engine initialized successfully
2025-10-13 18:46:10.580 - RealTimeSTT: realtimestt - DEBUG - WebRTC VAD voice activity detection engine initialized successfully
2025-10-13 18:46:10.900 - RealTimeSTT: realtimestt - DEBUG - Silero VAD voice activity detection engine initialized successfully
2025-10-13 18:46:10.900 - RealTimeSTT: realtimestt - DEBUG - Silero VAD voice activity detection engine initialized successfully
2025-10-13 18:46:10.904 - RealTimeSTT: realtimestt - DEBUG - Starting realtime worker
2025-10-13 18:46:10.904 - RealTimeSTT: realtimestt - DEBUG - Starting realtime worker
2025-10-13 18:46:10.905 - RealTimeSTT: realtimestt - DEBUG - Waiting for main transcription model to start
2025-10-13 18:46:10.905 - RealTimeSTT: realtimestt - DEBUG - Waiting for main transcription model to start
2025-10-13 18:46:31.855 - RealTimeSTT: realtimestt - DEBUG - Main transcription model ready
2025-10-13 18:46:31.855 - RealTimeSTT: realtimestt - DEBUG - Main transcription model ready
2025-10-13 18:46:31.857 - RealTimeSTT: realtimestt - DEBUG - RealtimeSTT initialization completed successfully
2025-10-13 18:46:31.857 - RealTimeSTT: realtimestt - DEBUG - RealtimeSTT initialization completed successfully
2025-10-13 18:46:31.865 - RealTimeSTT: realtimestt - INFO - Setting listen time
2025-10-13 18:46:31.865 - RealTimeSTT: realtimestt - INFO - Setting listen time
2025-10-13 18:46:31.868 - RealTimeSTT: realtimestt - INFO - State changed from 'inactive' to 'listening'
2025-10-13 18:46:31.868 - RealTimeSTT: realtimestt - INFO - State changed from 'inactive' to 'listening'
2025-10-13 18:46:31.889 - RealTimeSTT: realtimestt - DEBUG - Waiting for recording start
2025-10-13 18:46:31.889 - RealTimeSTT: realtimestt - DEBUG - Waiting for recording start
2025-10-13 18:46:35.232 - RealTimeSTT: realtimestt - INFO - voice activity detected
2025-10-13 18:46:35.232 - RealTimeSTT: realtimestt - INFO - voice activity detected
2025-10-13 18:46:35.235 - RealTimeSTT: realtimestt - INFO - recording started
2025-10-13 18:46:35.235 - RealTimeSTT: realtimestt - INFO - recording started
2025-10-13 18:46:35.235 - RealTimeSTT: realtimestt - INFO - State changed from 'listening' to 'recording'
2025-10-13 18:46:35.235 - RealTimeSTT: realtimestt - INFO - State changed from 'listening' to 'recording'
2025-10-13 18:46:35.235 - RealTimeSTT: realtimestt - DEBUG - Waiting for recording stop
2025-10-13 18:46:35.235 - RealTimeSTT: realtimestt - DEBUG - Waiting for recording stop
2025-10-13 18:46:35.235 - RealTimeSTT: realtimestt - DEBUG - Current realtime buffer size: 15872
2025-10-13 18:46:35.235 - RealTimeSTT: realtimestt - DEBUG - Current realtime buffer size: 15872
2025-10-13 18:46:35.778 - RealTimeSTT: realtimestt - DEBUG - Realtime text detected:  So,
2025-10-13 18:46:35.778 - RealTimeSTT: realtimestt - DEBUG - Realtime text detected:  So,
2025-10-13 18:46:35.881 - RealTimeSTT: realtimestt - INFO - recording stopped
2025-10-13 18:46:35.881 - RealTimeSTT: realtimestt - INFO - recording stopped
2025-10-13 18:46:35.885 - RealTimeSTT: realtimestt - DEBUG - No samples removed, final audio length: 26624
2025-10-13 18:46:35.885 - RealTimeSTT: realtimestt - DEBUG - No samples removed, final audio length: 26624
2025-10-13 18:46:35.885 - RealTimeSTT: realtimestt - INFO - State changed from 'recording' to 'inactive'
2025-10-13 18:46:35.885 - RealTimeSTT: realtimestt - INFO - State changed from 'recording' to 'inactive'
2025-10-13 18:46:35.912 - RealTimeSTT: realtimestt - INFO - State changed from 'inactive' to 'transcribing'
2025-10-13 18:46:35.912 - RealTimeSTT: realtimestt - INFO - State changed from 'inactive' to 'transcribing'
2025-10-13 18:46:35.918 - RealTimeSTT: realtimestt - DEBUG - Adding transcription request, no early transcription started
2025-10-13 18:46:35.918 - RealTimeSTT: realtimestt - DEBUG - Adding transcription request, no early transcription started
2025-10-13 18:46:35.936 - RealTimeSTT: realtimestt - DEBUG - Receive from parent_transcription_pipe after sendiung transcription request, transcribe_count: 1
2025-10-13 18:46:35.936 - RealTimeSTT: realtimestt - DEBUG - Receive from parent_transcription_pipe after sendiung transcription request, transcribe_count: 1
2025-10-13 18:46:36.038 - RealTimeSTT: realtimestt - DEBUG - Receive from parent_transcription_pipe after sendiung transcription request, transcribe_count: 1
2025-10-13 18:46:36.038 - RealTimeSTT: realtimestt - DEBUG - Receive from parent_transcription_pipe after sendiung transcription request, transcribe_count: 1
2025-10-13 18:46:36.138 - RealTimeSTT: realtimestt - DEBUG - Receive from parent_transcription_pipe after sendiung transcription request, transcribe_count: 1
2025-10-13 18:46:36.138 - RealTimeSTT: realtimestt - DEBUG - Receive from parent_transcription_pipe after sendiung transcription request, transcribe_count: 1
2025-10-13 18:46:36.239 - RealTimeSTT: realtimestt - DEBUG - Receive from parent_transcription_pipe after sendiung transcription request, transcribe_count: 1
2025-10-13 18:46:36.239 - RealTimeSTT: realtimestt - DEBUG - Receive from parent_transcription_pipe after sendiung transcription request, transcribe_count: 1
2025-10-13 18:46:36.340 - RealTimeSTT: realtimestt - DEBUG - Receive from parent_transcription_pipe after sendiung transcription request, transcribe_count: 1
2025-10-13 18:46:36.340 - RealTimeSTT: realtimestt - DEBUG - Receive from parent_transcription_pipe after sendiung transcription request, transcribe_count: 1
2025-10-13 18:46:36.426 - RealTimeSTT: realtimestt - INFO - State changed from 'transcribing' to 'inactive'
2025-10-13 18:46:36.426 - RealTimeSTT: realtimestt - INFO - State changed from 'transcribing' to 'inactive'
2025-10-13 18:46:36.442 - RealTimeSTT: realtimestt - DEBUG - Model tiny completed transcription in 0.52 seconds
2025-10-13 18:46:36.442 - RealTimeSTT: realtimestt - DEBUG - Model tiny completed transcription in 0.52 seconds
2025-10-13 18:46:57.548 - RealTimeSTT: realtimestt - INFO - Setting listen time
2025-10-13 18:46:57.548 - RealTimeSTT: realtimestt - INFO - Setting listen time
2025-10-13 18:46:57.548 - RealTimeSTT: realtimestt - INFO - State changed from 'inactive' to 'listening'
2025-10-13 18:46:57.548 - RealTimeSTT: realtimestt - INFO - State changed from 'inactive' to 'listening'
2025-10-13 18:46:57.552 - RealTimeSTT: realtimestt - DEBUG - Waiting for recording start
2025-10-13 18:46:57.552 - RealTimeSTT: realtimestt - DEBUG - Waiting for recording start
2025-10-13 18:47:01.272 - RealTimeSTT: realtimestt - INFO - voice activity detected
2025-10-13 18:47:01.272 - RealTimeSTT: realtimestt - INFO - voice activity detected
2025-10-13 18:47:01.273 - RealTimeSTT: realtimestt - INFO - recording started
2025-10-13 18:47:01.273 - RealTimeSTT: realtimestt - INFO - recording started
2025-10-13 18:47:01.273 - RealTimeSTT: realtimestt - INFO - State changed from 'listening' to 'recording'
2025-10-13 18:47:01.273 - RealTimeSTT: realtimestt - INFO - State changed from 'listening' to 'recording'
2025-10-13 18:47:01.273 - RealTimeSTT: realtimestt - DEBUG - Waiting for recording stop
2025-10-13 18:47:01.273 - RealTimeSTT: realtimestt - DEBUG - Waiting for recording stop
2025-10-13 18:47:01.291 - RealTimeSTT: realtimestt - DEBUG - Current realtime buffer size: 16896
2025-10-13 18:47:01.291 - RealTimeSTT: realtimestt - DEBUG - Current realtime buffer size: 16896
2025-10-13 18:47:01.694 - RealTimeSTT: realtimestt - DEBUG - Realtime text detected:  Bye.
2025-10-13 18:47:01.694 - RealTimeSTT: realtimestt - DEBUG - Realtime text detected:  Bye.
2025-10-13 18:47:01.695 - RealTimeSTT: realtimestt - DEBUG - Current realtime buffer size: 23040
2025-10-13 18:47:01.695 - RealTimeSTT: realtimestt - DEBUG - Current realtime buffer size: 23040
2025-10-13 18:47:02.057 - RealTimeSTT: realtimestt - DEBUG - Realtime text detected:  Bye, goodnight!
2025-10-13 18:47:02.057 - RealTimeSTT: realtimestt - DEBUG - Realtime text detected:  Bye, goodnight!
2025-10-13 18:47:02.058 - RealTimeSTT: realtimestt - DEBUG - Current realtime buffer size: 29184
2025-10-13 18:47:02.058 - RealTimeSTT: realtimestt - DEBUG - Current realtime buffer size: 29184
2025-10-13 18:47:02.528 - RealTimeSTT: realtimestt - DEBUG - Realtime text detected:  I could I get the...
2025-10-13 18:47:02.528 - RealTimeSTT: realtimestt - DEBUG - Realtime text detected:  I could I get the...
2025-10-13 18:47:02.528 - RealTimeSTT: realtimestt - DEBUG - Current realtime buffer size: 36352
2025-10-13 18:47:02.528 - RealTimeSTT: realtimestt - DEBUG - Current realtime buffer size: 36352
2025-10-13 18:47:02.922 - RealTimeSTT: realtimestt - DEBUG - Realtime text detected:  I could I get the...
2025-10-13 18:47:02.922 - RealTimeSTT: realtimestt - DEBUG - Realtime text detected:  I could I get the...
2025-10-13 18:47:02.922 - RealTimeSTT: realtimestt - DEBUG - Current realtime buffer size: 42496
2025-10-13 18:47:02.922 - RealTimeSTT: realtimestt - DEBUG - Current realtime buffer size: 42496
2025-10-13 18:47:03.454 - RealTimeSTT: realtimestt - DEBUG - Realtime text detected:  I could I get the ASL.
2025-10-13 18:47:03.454 - RealTimeSTT: realtimestt - DEBUG - Realtime text detected:  I could I get the ASL.
2025-10-13 18:47:03.455 - RealTimeSTT: realtimestt - DEBUG - Current realtime buffer size: 51712
2025-10-13 18:47:03.455 - RealTimeSTT: realtimestt - DEBUG - Current realtime buffer size: 51712
2025-10-13 18:47:04.000 - RealTimeSTT: realtimestt - DEBUG - Realtime text detected:  I could I get the AI services for
2025-10-13 18:47:04.000 - RealTimeSTT: realtimestt - DEBUG - Realtime text detected:  I could I get the AI services for
2025-10-13 18:47:04.001 - RealTimeSTT: realtimestt - DEBUG - Current realtime buffer size: 59904
2025-10-13 18:47:04.001 - RealTimeSTT: realtimestt - DEBUG - Current realtime buffer size: 59904
2025-10-13 18:47:04.521 - RealTimeSTT: realtimestt - DEBUG - Realtime text detected:  I could I get the AI services provided by
2025-10-13 18:47:04.521 - RealTimeSTT: realtimestt - DEBUG - Realtime text detected:  I could I get the AI services provided by
2025-10-13 18:47:04.522 - RealTimeSTT: realtimestt - DEBUG - Current realtime buffer size: 68096
2025-10-13 18:47:04.522 - RealTimeSTT: realtimestt - DEBUG - Current realtime buffer size: 68096
2025-10-13 18:47:05.008 - RealTimeSTT: realtimestt - DEBUG - Realtime text detected:  I could I get the AI services provided by the SAMLOT.
2025-10-13 18:47:05.008 - RealTimeSTT: realtimestt - DEBUG - Realtime text detected:  I could I get the AI services provided by the SAMLOT.
2025-10-13 18:47:05.369 - RealTimeSTT: realtimestt - INFO - recording stopped
2025-10-13 18:47:05.369 - RealTimeSTT: realtimestt - INFO - recording stopped
2025-10-13 18:47:05.370 - RealTimeSTT: realtimestt - DEBUG - No samples removed, final audio length: 81920
2025-10-13 18:47:05.370 - RealTimeSTT: realtimestt - DEBUG - No samples removed, final audio length: 81920
2025-10-13 18:47:05.370 - RealTimeSTT: realtimestt - INFO - State changed from 'recording' to 'inactive'
2025-10-13 18:47:05.370 - RealTimeSTT: realtimestt - INFO - State changed from 'recording' to 'inactive'
2025-10-13 18:47:05.454 - RealTimeSTT: realtimestt - INFO - State changed from 'inactive' to 'transcribing'
2025-10-13 18:47:05.454 - RealTimeSTT: realtimestt - INFO - State changed from 'inactive' to 'transcribing'
2025-10-13 18:47:05.459 - RealTimeSTT: realtimestt - DEBUG - Adding transcription request, no early transcription started
2025-10-13 18:47:05.459 - RealTimeSTT: realtimestt - DEBUG - Adding transcription request, no early transcription started
2025-10-13 18:47:05.460 - RealTimeSTT: realtimestt - DEBUG - Receive from parent_transcription_pipe after sendiung transcription request, transcribe_count: 1
2025-10-13 18:47:05.460 - RealTimeSTT: realtimestt - DEBUG - Receive from parent_transcription_pipe after sendiung transcription request, transcribe_count: 1
2025-10-13 18:47:05.561 - RealTimeSTT: realtimestt - DEBUG - Receive from parent_transcription_pipe after sendiung transcription request, transcribe_count: 1
2025-10-13 18:47:05.561 - RealTimeSTT: realtimestt - DEBUG - Receive from parent_transcription_pipe after sendiung transcription request, transcribe_count: 1
2025-10-13 18:47:05.662 - RealTimeSTT: realtimestt - DEBUG - Receive from parent_transcription_pipe after sendiung transcription request, transcribe_count: 1
2025-10-13 18:47:05.662 - RealTimeSTT: realtimestt - DEBUG - Receive from parent_transcription_pipe after sendiung transcription request, transcribe_count: 1
2025-10-13 18:47:05.764 - RealTimeSTT: realtimestt - DEBUG - Receive from parent_transcription_pipe after sendiung transcription request, transcribe_count: 1
2025-10-13 18:47:05.764 - RealTimeSTT: realtimestt - DEBUG - Receive from parent_transcription_pipe after sendiung transcription request, transcribe_count: 1
2025-10-13 18:47:05.865 - RealTimeSTT: realtimestt - DEBUG - Receive from parent_transcription_pipe after sendiung transcription request, transcribe_count: 1
2025-10-13 18:47:05.865 - RealTimeSTT: realtimestt - DEBUG - Receive from parent_transcription_pipe after sendiung transcription request, transcribe_count: 1
2025-10-13 18:47:05.966 - RealTimeSTT: realtimestt - DEBUG - Receive from parent_transcription_pipe after sendiung transcription request, transcribe_count: 1
2025-10-13 18:47:05.966 - RealTimeSTT: realtimestt - DEBUG - Receive from parent_transcription_pipe after sendiung transcription request, transcribe_count: 1
2025-10-13 18:47:06.068 - RealTimeSTT: realtimestt - DEBUG - Receive from parent_transcription_pipe after sendiung transcription request, transcribe_count: 1
2025-10-13 18:47:06.068 - RealTimeSTT: realtimestt - DEBUG - Receive from parent_transcription_pipe after sendiung transcription request, transcribe_count: 1
2025-10-13 18:47:06.168 - RealTimeSTT: realtimestt - DEBUG - Receive from parent_transcription_pipe after sendiung transcription request, transcribe_count: 1
2025-10-13 18:47:06.168 - RealTimeSTT: realtimestt - DEBUG - Receive from parent_transcription_pipe after sendiung transcription request, transcribe_count: 1
2025-10-13 18:47:06.269 - RealTimeSTT: realtimestt - DEBUG - Receive from parent_transcription_pipe after sendiung transcription request, transcribe_count: 1
2025-10-13 18:47:06.269 - RealTimeSTT: realtimestt - DEBUG - Receive from parent_transcription_pipe after sendiung transcription request, transcribe_count: 1
2025-10-13 18:47:06.369 - RealTimeSTT: realtimestt - DEBUG - Receive from parent_transcription_pipe after sendiung transcription request, transcribe_count: 1
2025-10-13 18:47:06.369 - RealTimeSTT: realtimestt - DEBUG - Receive from parent_transcription_pipe after sendiung transcription request, transcribe_count: 1
2025-10-13 18:47:06.470 - RealTimeSTT: realtimestt - DEBUG - Receive from parent_transcription_pipe after sendiung transcription request, transcribe_count: 1
2025-10-13 18:47:06.470 - RealTimeSTT: realtimestt - DEBUG - Receive from parent_transcription_pipe after sendiung transcription request, transcribe_count: 1
2025-10-13 18:47:06.572 - RealTimeSTT: realtimestt - DEBUG - Receive from parent_transcription_pipe after sendiung transcription request, transcribe_count: 1
2025-10-13 18:47:06.572 - RealTimeSTT: realtimestt - DEBUG - Receive from parent_transcription_pipe after sendiung transcription request, transcribe_count: 1
2025-10-13 18:47:06.603 - RealTimeSTT: realtimestt - INFO - State changed from 'transcribing' to 'inactive'
2025-10-13 18:47:06.603 - RealTimeSTT: realtimestt - INFO - State changed from 'transcribing' to 'inactive'
2025-10-13 18:47:06.637 - RealTimeSTT: realtimestt - DEBUG - Model base completed transcription in 1.18 seconds
2025-10-13 18:47:06.637 - RealTimeSTT: realtimestt - DEBUG - Model base completed transcription in 1.18 seconds
2025-10-13 18:47:08.337 - RealTimeSTT: realtimestt - INFO - Setting listen time
2025-10-13 18:47:08.337 - RealTimeSTT: realtimestt - INFO - Setting listen time
2025-10-13 18:47:08.337 - RealTimeSTT: realtimestt - INFO - State changed from 'inactive' to 'listening'
2025-10-13 18:47:08.337 - RealTimeSTT: realtimestt - INFO - State changed from 'inactive' to 'listening'
2025-10-13 18:47:08.343 - RealTimeSTT: realtimestt - DEBUG - Waiting for recording start
2025-10-13 18:47:08.343 - RealTimeSTT: realtimestt - DEBUG - Waiting for recording start
2025-10-13 18:47:12.808 - RealTimeSTT: realtimestt - INFO - voice activity detected
2025-10-13 18:47:12.808 - RealTimeSTT: realtimestt - INFO - voice activity detected
2025-10-13 18:47:12.808 - RealTimeSTT: realtimestt - INFO - recording started
2025-10-13 18:47:12.808 - RealTimeSTT: realtimestt - INFO - recording started
2025-10-13 18:47:12.808 - RealTimeSTT: realtimestt - INFO - State changed from 'listening' to 'recording'
2025-10-13 18:47:12.808 - RealTimeSTT: realtimestt - INFO - State changed from 'listening' to 'recording'
2025-10-13 18:47:12.809 - RealTimeSTT: realtimestt - DEBUG - Waiting for recording stop
2025-10-13 18:47:12.809 - RealTimeSTT: realtimestt - DEBUG - Waiting for recording stop
2025-10-13 18:47:12.812 - RealTimeSTT: realtimestt - DEBUG - Current realtime buffer size: 15872
2025-10-13 18:47:12.812 - RealTimeSTT: realtimestt - DEBUG - Current realtime buffer size: 15872
2025-10-13 18:47:13.267 - RealTimeSTT: realtimestt - DEBUG - Realtime text detected:  Thank you.
2025-10-13 18:47:13.267 - RealTimeSTT: realtimestt - DEBUG - Realtime text detected:  Thank you.
2025-10-13 18:47:13.384 - RealTimeSTT: realtimestt - INFO - recording stopped
2025-10-13 18:47:13.384 - RealTimeSTT: realtimestt - INFO - recording stopped
2025-10-13 18:47:13.386 - RealTimeSTT: realtimestt - DEBUG - No samples removed, final audio length: 25600
2025-10-13 18:47:13.386 - RealTimeSTT: realtimestt - DEBUG - No samples removed, final audio length: 25600
2025-10-13 18:47:13.387 - RealTimeSTT: realtimestt - INFO - State changed from 'recording' to 'inactive'
2025-10-13 18:47:13.387 - RealTimeSTT: realtimestt - INFO - State changed from 'recording' to 'inactive'
2025-10-13 18:47:13.463 - RealTimeSTT: realtimestt - INFO - State changed from 'inactive' to 'transcribing'
2025-10-13 18:47:13.463 - RealTimeSTT: realtimestt - INFO - State changed from 'inactive' to 'transcribing'
2025-10-13 18:47:13.469 - RealTimeSTT: realtimestt - DEBUG - Adding transcription request, no early transcription started
2025-10-13 18:47:13.469 - RealTimeSTT: realtimestt - DEBUG - Adding transcription request, no early transcription started
2025-10-13 18:47:13.473 - RealTimeSTT: realtimestt - DEBUG - Receive from parent_transcription_pipe after sendiung transcription request, transcribe_count: 1
2025-10-13 18:47:13.473 - RealTimeSTT: realtimestt - DEBUG - Receive from parent_transcription_pipe after sendiung transcription request, transcribe_count: 1
2025-10-13 18:47:13.574 - RealTimeSTT: realtimestt - DEBUG - Receive from parent_transcription_pipe after sendiung transcription request, transcribe_count: 1
2025-10-13 18:47:13.574 - RealTimeSTT: realtimestt - DEBUG - Receive from parent_transcription_pipe after sendiung transcription request, transcribe_count: 1
2025-10-13 18:47:13.674 - RealTimeSTT: realtimestt - DEBUG - Receive from parent_transcription_pipe after sendiung transcription request, transcribe_count: 1
2025-10-13 18:47:13.674 - RealTimeSTT: realtimestt - DEBUG - Receive from parent_transcription_pipe after sendiung transcription request, transcribe_count: 1
2025-10-13 18:47:13.774 - RealTimeSTT: realtimestt - DEBUG - Receive from parent_transcription_pipe after sendiung transcription request, transcribe_count: 1
2025-10-13 18:47:13.774 - RealTimeSTT: realtimestt - DEBUG - Receive from parent_transcription_pipe after sendiung transcription request, transcribe_count: 1
2025-10-13 18:47:13.875 - RealTimeSTT: realtimestt - DEBUG - Receive from parent_transcription_pipe after sendiung transcription request, transcribe_count: 1
2025-10-13 18:47:13.875 - RealTimeSTT: realtimestt - DEBUG - Receive from parent_transcription_pipe after sendiung transcription request, transcribe_count: 1
2025-10-13 18:47:13.966 - RealTimeSTT: realtimestt - INFO - State changed from 'transcribing' to 'inactive'
2025-10-13 18:47:13.966 - RealTimeSTT: realtimestt - INFO - State changed from 'transcribing' to 'inactive'
2025-10-13 18:47:13.984 - RealTimeSTT: realtimestt - DEBUG - Model tiny completed transcription in 0.51 seconds
2025-10-13 18:47:13.984 - RealTimeSTT: realtimestt - DEBUG - Model tiny completed transcription in 0.51 seconds
2025-10-13 18:47:25.891 - RealTimeSTT: realtimestt - INFO - Setting listen time
2025-10-13 18:47:25.891 - RealTimeSTT: realtimestt - INFO - Setting listen time
2025-10-13 18:47:25.891 - RealTimeSTT: realtimestt - INFO - State changed from 'inactive' to 'listening'
2025-10-13 18:47:25.891 - RealTimeSTT: realtimestt - INFO - State changed from 'inactive' to 'listening'
2025-10-13 18:47:25.895 - RealTimeSTT: realtimestt - DEBUG - Waiting for recording start
2025-10-13 18:47:25.895 - RealTimeSTT: realtimestt - DEBUG - Waiting for recording start
2025-10-13 18:47:27.704 - RealTimeSTT: realtimestt - INFO - voice activity detected
2025-10-13 18:47:27.704 - RealTimeSTT: realtimestt - INFO - voice activity detected
2025-10-13 18:47:27.704 - RealTimeSTT: realtimestt - INFO - recording started
2025-10-13 18:47:27.704 - RealTimeSTT: realtimestt - INFO - recording started
2025-10-13 18:47:27.704 - RealTimeSTT: realtimestt - INFO - State changed from 'listening' to 'recording'
2025-10-13 18:47:27.704 - RealTimeSTT: realtimestt - INFO - State changed from 'listening' to 'recording'
2025-10-13 18:47:27.704 - RealTimeSTT: realtimestt - DEBUG - Waiting for recording stop
2025-10-13 18:47:27.704 - RealTimeSTT: realtimestt - DEBUG - Waiting for recording stop
2025-10-13 18:47:27.711 - RealTimeSTT: realtimestt - DEBUG - Current realtime buffer size: 16896
2025-10-13 18:47:27.711 - RealTimeSTT: realtimestt - DEBUG - Current realtime buffer size: 16896
2025-10-13 18:47:28.152 - RealTimeSTT: realtimestt - DEBUG - Realtime text detected:  Bye.
2025-10-13 18:47:28.152 - RealTimeSTT: realtimestt - DEBUG - Realtime text detected:  Bye.
2025-10-13 18:47:28.152 - RealTimeSTT: realtimestt - DEBUG - Current realtime buffer size: 23040
2025-10-13 18:47:28.152 - RealTimeSTT: realtimestt - DEBUG - Current realtime buffer size: 23040
2025-10-13 18:47:28.528 - RealTimeSTT: realtimestt - DEBUG - Realtime text detected:  Hi, goodnight.
2025-10-13 18:47:28.528 - RealTimeSTT: realtimestt - DEBUG - Realtime text detected:  Hi, goodnight.
2025-10-13 18:47:28.528 - RealTimeSTT: realtimestt - DEBUG - Current realtime buffer size: 29184
2025-10-13 18:47:28.528 - RealTimeSTT: realtimestt - DEBUG - Current realtime buffer size: 29184
2025-10-13 18:47:28.926 - RealTimeSTT: realtimestt - DEBUG - Realtime text detected:  I could I get the
2025-10-13 18:47:28.926 - RealTimeSTT: realtimestt - DEBUG - Realtime text detected:  I could I get the
2025-10-13 18:47:28.927 - RealTimeSTT: realtimestt - DEBUG - Current realtime buffer size: 36352
2025-10-13 18:47:28.927 - RealTimeSTT: realtimestt - DEBUG - Current realtime buffer size: 36352
2025-10-13 18:47:29.323 - RealTimeSTT: realtimestt - DEBUG - Realtime text detected:  I could I get the s
2025-10-13 18:47:29.323 - RealTimeSTT: realtimestt - DEBUG - Realtime text detected:  I could I get the s
2025-10-13 18:47:29.324 - RealTimeSTT: realtimestt - DEBUG - Current realtime buffer size: 42496
2025-10-13 18:47:29.324 - RealTimeSTT: realtimestt - DEBUG - Current realtime buffer size: 42496
2025-10-13 18:47:29.713 - RealTimeSTT: realtimestt - DEBUG - Realtime text detected:  I could I get the ISO
2025-10-13 18:47:29.713 - RealTimeSTT: realtimestt - DEBUG - Realtime text detected:  I could I get the ISO
2025-10-13 18:47:29.713 - RealTimeSTT: realtimestt - DEBUG - Current realtime buffer size: 48640
2025-10-13 18:47:29.713 - RealTimeSTT: realtimestt - DEBUG - Current realtime buffer size: 48640
2025-10-13 18:47:30.160 - RealTimeSTT: realtimestt - DEBUG - Realtime text detected:  I could I get the as of this product.
2025-10-13 18:47:30.160 - RealTimeSTT: realtimestt - DEBUG - Realtime text detected:  I could I get the as of this product.
2025-10-13 18:47:30.161 - RealTimeSTT: realtimestt - DEBUG - Current realtime buffer size: 55808
2025-10-13 18:47:30.161 - RealTimeSTT: realtimestt - DEBUG - Current realtime buffer size: 55808
2025-10-13 18:47:30.570 - RealTimeSTT: realtimestt - DEBUG - Realtime text detected:  I could I get the ASS services provided by the shop.
2025-10-13 18:47:30.570 - RealTimeSTT: realtimestt - DEBUG - Realtime text detected:  I could I get the ASS services provided by the shop.
2025-10-13 18:47:30.570 - RealTimeSTT: realtimestt - DEBUG - Current realtime buffer size: 61952
2025-10-13 18:47:30.570 - RealTimeSTT: realtimestt - DEBUG - Current realtime buffer size: 61952
2025-10-13 18:47:31.014 - RealTimeSTT: realtimestt - DEBUG - Realtime text detected:  I could I get the ASS services provided by the somnotic.
2025-10-13 18:47:31.014 - RealTimeSTT: realtimestt - DEBUG - Realtime text detected:  I could I get the ASS services provided by the somnotic.
2025-10-13 18:47:31.224 - RealTimeSTT: realtimestt - INFO - recording stopped
2025-10-13 18:47:31.224 - RealTimeSTT: realtimestt - INFO - recording stopped
2025-10-13 18:47:31.225 - RealTimeSTT: realtimestt - DEBUG - No samples removed, final audio length: 72704
2025-10-13 18:47:31.225 - RealTimeSTT: realtimestt - DEBUG - No samples removed, final audio length: 72704
2025-10-13 18:47:31.225 - RealTimeSTT: realtimestt - INFO - State changed from 'recording' to 'inactive'
2025-10-13 18:47:31.225 - RealTimeSTT: realtimestt - INFO - State changed from 'recording' to 'inactive'
2025-10-13 18:47:31.326 - RealTimeSTT: realtimestt - INFO - State changed from 'inactive' to 'transcribing'
2025-10-13 18:47:31.326 - RealTimeSTT: realtimestt - INFO - State changed from 'inactive' to 'transcribing'
2025-10-13 18:47:31.329 - RealTimeSTT: realtimestt - DEBUG - Adding transcription request, no early transcription started
2025-10-13 18:47:31.329 - RealTimeSTT: realtimestt - DEBUG - Adding transcription request, no early transcription started
2025-10-13 18:47:31.348 - RealTimeSTT: realtimestt - DEBUG - Receive from parent_transcription_pipe after sendiung transcription request, transcribe_count: 1
2025-10-13 18:47:31.348 - RealTimeSTT: realtimestt - DEBUG - Receive from parent_transcription_pipe after sendiung transcription request, transcribe_count: 1
2025-10-13 18:47:31.449 - RealTimeSTT: realtimestt - DEBUG - Receive from parent_transcription_pipe after sendiung transcription request, transcribe_count: 1
2025-10-13 18:47:31.449 - RealTimeSTT: realtimestt - DEBUG - Receive from parent_transcription_pipe after sendiung transcription request, transcribe_count: 1
2025-10-13 18:47:31.550 - RealTimeSTT: realtimestt - DEBUG - Receive from parent_transcription_pipe after sendiung transcription request, transcribe_count: 1
2025-10-13 18:47:31.550 - RealTimeSTT: realtimestt - DEBUG - Receive from parent_transcription_pipe after sendiung transcription request, transcribe_count: 1
2025-10-13 18:47:31.651 - RealTimeSTT: realtimestt - DEBUG - Receive from parent_transcription_pipe after sendiung transcription request, transcribe_count: 1
2025-10-13 18:47:31.651 - RealTimeSTT: realtimestt - DEBUG - Receive from parent_transcription_pipe after sendiung transcription request, transcribe_count: 1
2025-10-13 18:47:31.752 - RealTimeSTT: realtimestt - DEBUG - Receive from parent_transcription_pipe after sendiung transcription request, transcribe_count: 1
2025-10-13 18:47:31.752 - RealTimeSTT: realtimestt - DEBUG - Receive from parent_transcription_pipe after sendiung transcription request, transcribe_count: 1
2025-10-13 18:47:31.854 - RealTimeSTT: realtimestt - DEBUG - Receive from parent_transcription_pipe after sendiung transcription request, transcribe_count: 1
2025-10-13 18:47:31.854 - RealTimeSTT: realtimestt - DEBUG - Receive from parent_transcription_pipe after sendiung transcription request, transcribe_count: 1
2025-10-13 18:47:31.954 - RealTimeSTT: realtimestt - DEBUG - Receive from parent_transcription_pipe after sendiung transcription request, transcribe_count: 1
2025-10-13 18:47:31.954 - RealTimeSTT: realtimestt - DEBUG - Receive from parent_transcription_pipe after sendiung transcription request, transcribe_count: 1
2025-10-13 18:47:32.054 - RealTimeSTT: realtimestt - DEBUG - Receive from parent_transcription_pipe after sendiung transcription request, transcribe_count: 1
2025-10-13 18:47:32.054 - RealTimeSTT: realtimestt - DEBUG - Receive from parent_transcription_pipe after sendiung transcription request, transcribe_count: 1
2025-10-13 18:47:32.155 - RealTimeSTT: realtimestt - DEBUG - Receive from parent_transcription_pipe after sendiung transcription request, transcribe_count: 1
2025-10-13 18:47:32.155 - RealTimeSTT: realtimestt - DEBUG - Receive from parent_transcription_pipe after sendiung transcription request, transcribe_count: 1
2025-10-13 18:47:32.242 - RealTimeSTT: realtimestt - INFO - State changed from 'transcribing' to 'inactive'
2025-10-13 18:47:32.242 - RealTimeSTT: realtimestt - INFO - State changed from 'transcribing' to 'inactive'
2025-10-13 18:47:32.246 - RealTimeSTT: realtimestt - DEBUG - Model base completed transcription in 0.92 seconds
2025-10-13 18:47:32.246 - RealTimeSTT: realtimestt - DEBUG - Model base completed transcription in 0.92 seconds
2025-10-13 18:47:34.498 - RealTimeSTT: realtimestt - INFO - Setting listen time
2025-10-13 18:47:34.498 - RealTimeSTT: realtimestt - INFO - Setting listen time
2025-10-13 18:47:34.498 - RealTimeSTT: realtimestt - INFO - State changed from 'inactive' to 'listening'
2025-10-13 18:47:34.498 - RealTimeSTT: realtimestt - INFO - State changed from 'inactive' to 'listening'
2025-10-13 18:47:34.502 - RealTimeSTT: realtimestt - DEBUG - Waiting for recording start
2025-10-13 18:47:34.502 - RealTimeSTT: realtimestt - DEBUG - Waiting for recording start
2025-10-13 18:47:51.520 - RealTimeSTT: realtimestt - INFO - voice activity detected
2025-10-13 18:47:51.520 - RealTimeSTT: realtimestt - INFO - voice activity detected
2025-10-13 18:47:51.520 - RealTimeSTT: realtimestt - INFO - recording started
2025-10-13 18:47:51.520 - RealTimeSTT: realtimestt - INFO - recording started
2025-10-13 18:47:51.520 - RealTimeSTT: realtimestt - INFO - State changed from 'listening' to 'recording'
2025-10-13 18:47:51.520 - RealTimeSTT: realtimestt - INFO - State changed from 'listening' to 'recording'
2025-10-13 18:47:51.520 - RealTimeSTT: realtimestt - DEBUG - Waiting for recording stop
2025-10-13 18:47:51.520 - RealTimeSTT: realtimestt - DEBUG - Waiting for recording stop
2025-10-13 18:47:51.536 - RealTimeSTT: realtimestt - DEBUG - Current realtime buffer size: 16896
2025-10-13 18:47:51.536 - RealTimeSTT: realtimestt - DEBUG - Current realtime buffer size: 16896
2025-10-13 18:47:51.950 - RealTimeSTT: realtimestt - DEBUG - Realtime text detected:  No.
2025-10-13 18:47:51.950 - RealTimeSTT: realtimestt - DEBUG - Realtime text detected:  No.
2025-10-13 18:47:51.951 - RealTimeSTT: realtimestt - DEBUG - Current realtime buffer size: 23040
2025-10-13 18:47:51.951 - RealTimeSTT: realtimestt - DEBUG - Current realtime buffer size: 23040
2025-10-13 18:47:52.368 - RealTimeSTT: realtimestt - DEBUG - Realtime text detected:  No, cool.
2025-10-13 18:47:52.368 - RealTimeSTT: realtimestt - DEBUG - Realtime text detected:  No, cool.
2025-10-13 18:47:52.481 - RealTimeSTT: realtimestt - INFO - recording stopped
2025-10-13 18:47:52.481 - RealTimeSTT: realtimestt - INFO - recording stopped
2025-10-13 18:47:52.482 - RealTimeSTT: realtimestt - DEBUG - No samples removed, final audio length: 31744
2025-10-13 18:47:52.482 - RealTimeSTT: realtimestt - DEBUG - No samples removed, final audio length: 31744
2025-10-13 18:47:52.482 - RealTimeSTT: realtimestt - INFO - State changed from 'recording' to 'inactive'
2025-10-13 18:47:52.482 - RealTimeSTT: realtimestt - INFO - State changed from 'recording' to 'inactive'
2025-10-13 18:47:52.561 - RealTimeSTT: realtimestt - INFO - State changed from 'inactive' to 'transcribing'
2025-10-13 18:47:52.561 - RealTimeSTT: realtimestt - INFO - State changed from 'inactive' to 'transcribing'
2025-10-13 18:47:52.566 - RealTimeSTT: realtimestt - DEBUG - Adding transcription request, no early transcription started
2025-10-13 18:47:52.566 - RealTimeSTT: realtimestt - DEBUG - Adding transcription request, no early transcription started
2025-10-13 18:47:52.566 - RealTimeSTT: realtimestt - DEBUG - Receive from parent_transcription_pipe after sendiung transcription request, transcribe_count: 1
2025-10-13 18:47:52.566 - RealTimeSTT: realtimestt - DEBUG - Receive from parent_transcription_pipe after sendiung transcription request, transcribe_count: 1
2025-10-13 18:47:52.667 - RealTimeSTT: realtimestt - DEBUG - Receive from parent_transcription_pipe after sendiung transcription request, transcribe_count: 1
2025-10-13 18:47:52.667 - RealTimeSTT: realtimestt - DEBUG - Receive from parent_transcription_pipe after sendiung transcription request, transcribe_count: 1
2025-10-13 18:47:52.768 - RealTimeSTT: realtimestt - DEBUG - Receive from parent_transcription_pipe after sendiung transcription request, transcribe_count: 1
2025-10-13 18:47:52.768 - RealTimeSTT: realtimestt - DEBUG - Receive from parent_transcription_pipe after sendiung transcription request, transcribe_count: 1
2025-10-13 18:47:52.870 - RealTimeSTT: realtimestt - DEBUG - Receive from parent_transcription_pipe after sendiung transcription request, transcribe_count: 1
2025-10-13 18:47:52.870 - RealTimeSTT: realtimestt - DEBUG - Receive from parent_transcription_pipe after sendiung transcription request, transcribe_count: 1
2025-10-13 18:47:52.948 - RealTimeSTT: realtimestt - INFO - State changed from 'transcribing' to 'inactive'
2025-10-13 18:47:52.948 - RealTimeSTT: realtimestt - INFO - State changed from 'transcribing' to 'inactive'
2025-10-13 18:47:52.973 - RealTimeSTT: realtimestt - DEBUG - Model tiny completed transcription in 0.41 seconds
2025-10-13 18:47:52.973 - RealTimeSTT: realtimestt - DEBUG - Model tiny completed transcription in 0.41 seconds
2025-10-13 18:48:07.217 - RealTimeSTT: realtimestt - INFO - Setting listen time
2025-10-13 18:48:07.217 - RealTimeSTT: realtimestt - INFO - Setting listen time
2025-10-13 18:48:07.217 - RealTimeSTT: realtimestt - INFO - State changed from 'inactive' to 'listening'
2025-10-13 18:48:07.217 - RealTimeSTT: realtimestt - INFO - State changed from 'inactive' to 'listening'
2025-10-13 18:48:07.221 - RealTimeSTT: realtimestt - DEBUG - Waiting for recording start
2025-10-13 18:48:07.221 - RealTimeSTT: realtimestt - DEBUG - Waiting for recording start
2025-10-13 18:48:08.793 - RealTimeSTT: realtimestt - INFO - voice activity detected
2025-10-13 18:48:08.793 - RealTimeSTT: realtimestt - INFO - voice activity detected
2025-10-13 18:48:08.793 - RealTimeSTT: realtimestt - INFO - recording started
2025-10-13 18:48:08.793 - RealTimeSTT: realtimestt - INFO - recording started
2025-10-13 18:48:08.793 - RealTimeSTT: realtimestt - INFO - State changed from 'listening' to 'recording'
2025-10-13 18:48:08.793 - RealTimeSTT: realtimestt - INFO - State changed from 'listening' to 'recording'
2025-10-13 18:48:08.793 - RealTimeSTT: realtimestt - DEBUG - Waiting for recording stop
2025-10-13 18:48:08.793 - RealTimeSTT: realtimestt - DEBUG - Waiting for recording stop
2025-10-13 18:48:08.810 - RealTimeSTT: realtimestt - DEBUG - Current realtime buffer size: 16896
2025-10-13 18:48:08.810 - RealTimeSTT: realtimestt - DEBUG - Current realtime buffer size: 16896
2025-10-13 18:48:09.199 - RealTimeSTT: realtimestt - DEBUG - Realtime text detected:  Wait a minute.
2025-10-13 18:48:09.199 - RealTimeSTT: realtimestt - DEBUG - Realtime text detected:  Wait a minute.
2025-10-13 18:48:09.199 - RealTimeSTT: realtimestt - DEBUG - Current realtime buffer size: 23040
2025-10-13 18:48:09.199 - RealTimeSTT: realtimestt - DEBUG - Current realtime buffer size: 23040
2025-10-13 18:48:09.591 - RealTimeSTT: realtimestt - DEBUG - Realtime text detected:  Good news.
2025-10-13 18:48:09.591 - RealTimeSTT: realtimestt - DEBUG - Realtime text detected:  Good news.
2025-10-13 18:48:09.591 - RealTimeSTT: realtimestt - DEBUG - Current realtime buffer size: 29184
2025-10-13 18:48:09.591 - RealTimeSTT: realtimestt - DEBUG - Current realtime buffer size: 29184
2025-10-13 18:48:09.962 - RealTimeSTT: realtimestt - DEBUG - Realtime text detected:  Could you tell?
2025-10-13 18:48:09.962 - RealTimeSTT: realtimestt - DEBUG - Realtime text detected:  Could you tell?
2025-10-13 18:48:09.962 - RealTimeSTT: realtimestt - DEBUG - Current realtime buffer size: 35328
2025-10-13 18:48:09.962 - RealTimeSTT: realtimestt - DEBUG - Current realtime buffer size: 35328
2025-10-13 18:48:10.338 - RealTimeSTT: realtimestt - DEBUG - Realtime text detected:  Could you tell me the
2025-10-13 18:48:10.338 - RealTimeSTT: realtimestt - DEBUG - Realtime text detected:  Could you tell me the
2025-10-13 18:48:10.338 - RealTimeSTT: realtimestt - DEBUG - Current realtime buffer size: 41472
2025-10-13 18:48:10.338 - RealTimeSTT: realtimestt - DEBUG - Current realtime buffer size: 41472
2025-10-13 18:48:10.702 - RealTimeSTT: realtimestt - DEBUG - Realtime text detected:  could you tell me the
2025-10-13 18:48:10.702 - RealTimeSTT: realtimestt - DEBUG - Realtime text detected:  could you tell me the
2025-10-13 18:48:10.703 - RealTimeSTT: realtimestt - DEBUG - Current realtime buffer size: 46592
2025-10-13 18:48:10.703 - RealTimeSTT: realtimestt - DEBUG - Current realtime buffer size: 46592
2025-10-13 18:48:11.099 - RealTimeSTT: realtimestt - DEBUG - Realtime text detected:  Could you tell me the amount
2025-10-13 18:48:11.099 - RealTimeSTT: realtimestt - DEBUG - Realtime text detected:  Could you tell me the amount
2025-10-13 18:48:11.099 - RealTimeSTT: realtimestt - DEBUG - Current realtime buffer size: 53760
2025-10-13 18:48:11.099 - RealTimeSTT: realtimestt - DEBUG - Current realtime buffer size: 53760
2025-10-13 18:48:11.536 - RealTimeSTT: realtimestt - DEBUG - Realtime text detected:  Could you tell me the amount I need to?
2025-10-13 18:48:11.536 - RealTimeSTT: realtimestt - DEBUG - Realtime text detected:  Could you tell me the amount I need to?
2025-10-13 18:48:11.536 - RealTimeSTT: realtimestt - DEBUG - Current realtime buffer size: 59904
2025-10-13 18:48:11.536 - RealTimeSTT: realtimestt - DEBUG - Current realtime buffer size: 59904
2025-10-13 18:48:11.934 - RealTimeSTT: realtimestt - DEBUG - Realtime text detected:  Could you tell me the amount I need to spend?
2025-10-13 18:48:11.934 - RealTimeSTT: realtimestt - DEBUG - Realtime text detected:  Could you tell me the amount I need to spend?
2025-10-13 18:48:11.934 - RealTimeSTT: realtimestt - DEBUG - Current realtime buffer size: 67072
2025-10-13 18:48:11.934 - RealTimeSTT: realtimestt - DEBUG - Current realtime buffer size: 67072
2025-10-13 18:48:12.422 - RealTimeSTT: realtimestt - DEBUG - Realtime text detected:  Could you tell me the amount I need to spend for it?
2025-10-13 18:48:12.422 - RealTimeSTT: realtimestt - DEBUG - Realtime text detected:  Could you tell me the amount I need to spend for it?
2025-10-13 18:48:12.422 - RealTimeSTT: realtimestt - DEBUG - Current realtime buffer size: 74240
2025-10-13 18:48:12.422 - RealTimeSTT: realtimestt - DEBUG - Current realtime buffer size: 74240
2025-10-13 18:48:12.826 - RealTimeSTT: realtimestt - DEBUG - Realtime text detected:  Could you tell me the amount I need to spend for AI
2025-10-13 18:48:12.826 - RealTimeSTT: realtimestt - DEBUG - Realtime text detected:  Could you tell me the amount I need to spend for AI
2025-10-13 18:48:13.464 - RealTimeSTT: realtimestt - INFO - recording stopped
2025-10-13 18:48:13.464 - RealTimeSTT: realtimestt - INFO - recording stopped
2025-10-13 18:48:13.466 - RealTimeSTT: realtimestt - DEBUG - No samples removed, final audio length: 91136
2025-10-13 18:48:13.466 - RealTimeSTT: realtimestt - DEBUG - No samples removed, final audio length: 91136
2025-10-13 18:48:13.467 - RealTimeSTT: realtimestt - INFO - State changed from 'recording' to 'inactive'
2025-10-13 18:48:13.467 - RealTimeSTT: realtimestt - INFO - State changed from 'recording' to 'inactive'
2025-10-13 18:48:13.509 - RealTimeSTT: realtimestt - INFO - State changed from 'inactive' to 'transcribing'
2025-10-13 18:48:13.509 - RealTimeSTT: realtimestt - INFO - State changed from 'inactive' to 'transcribing'
2025-10-13 18:48:13.513 - RealTimeSTT: realtimestt - DEBUG - Adding transcription request, no early transcription started
2025-10-13 18:48:13.513 - RealTimeSTT: realtimestt - DEBUG - Adding transcription request, no early transcription started
2025-10-13 18:48:13.515 - RealTimeSTT: realtimestt - DEBUG - Receive from parent_transcription_pipe after sendiung transcription request, transcribe_count: 1
2025-10-13 18:48:13.515 - RealTimeSTT: realtimestt - DEBUG - Receive from parent_transcription_pipe after sendiung transcription request, transcribe_count: 1
2025-10-13 18:48:13.616 - RealTimeSTT: realtimestt - DEBUG - Receive from parent_transcription_pipe after sendiung transcription request, transcribe_count: 1
2025-10-13 18:48:13.616 - RealTimeSTT: realtimestt - DEBUG - Receive from parent_transcription_pipe after sendiung transcription request, transcribe_count: 1
2025-10-13 18:48:13.716 - RealTimeSTT: realtimestt - DEBUG - Receive from parent_transcription_pipe after sendiung transcription request, transcribe_count: 1
2025-10-13 18:48:13.716 - RealTimeSTT: realtimestt - DEBUG - Receive from parent_transcription_pipe after sendiung transcription request, transcribe_count: 1
2025-10-13 18:48:13.817 - RealTimeSTT: realtimestt - DEBUG - Receive from parent_transcription_pipe after sendiung transcription request, transcribe_count: 1
2025-10-13 18:48:13.817 - RealTimeSTT: realtimestt - DEBUG - Receive from parent_transcription_pipe after sendiung transcription request, transcribe_count: 1
2025-10-13 18:48:13.917 - RealTimeSTT: realtimestt - DEBUG - Receive from parent_transcription_pipe after sendiung transcription request, transcribe_count: 1
2025-10-13 18:48:13.917 - RealTimeSTT: realtimestt - DEBUG - Receive from parent_transcription_pipe after sendiung transcription request, transcribe_count: 1
2025-10-13 18:48:14.018 - RealTimeSTT: realtimestt - DEBUG - Receive from parent_transcription_pipe after sendiung transcription request, transcribe_count: 1
2025-10-13 18:48:14.018 - RealTimeSTT: realtimestt - DEBUG - Receive from parent_transcription_pipe after sendiung transcription request, transcribe_count: 1
2025-10-13 18:48:14.119 - RealTimeSTT: realtimestt - DEBUG - Receive from parent_transcription_pipe after sendiung transcription request, transcribe_count: 1
2025-10-13 18:48:14.119 - RealTimeSTT: realtimestt - DEBUG - Receive from parent_transcription_pipe after sendiung transcription request, transcribe_count: 1
2025-10-13 18:48:14.219 - RealTimeSTT: realtimestt - DEBUG - Receive from parent_transcription_pipe after sendiung transcription request, transcribe_count: 1
2025-10-13 18:48:14.219 - RealTimeSTT: realtimestt - DEBUG - Receive from parent_transcription_pipe after sendiung transcription request, transcribe_count: 1
2025-10-13 18:48:14.320 - RealTimeSTT: realtimestt - DEBUG - Receive from parent_transcription_pipe after sendiung transcription request, transcribe_count: 1
2025-10-13 18:48:14.320 - RealTimeSTT: realtimestt - DEBUG - Receive from parent_transcription_pipe after sendiung transcription request, transcribe_count: 1
2025-10-13 18:48:14.421 - RealTimeSTT: realtimestt - DEBUG - Receive from parent_transcription_pipe after sendiung transcription request, transcribe_count: 1
2025-10-13 18:48:14.421 - RealTimeSTT: realtimestt - DEBUG - Receive from parent_transcription_pipe after sendiung transcription request, transcribe_count: 1
2025-10-13 18:48:14.513 - RealTimeSTT: realtimestt - INFO - State changed from 'transcribing' to 'inactive'
2025-10-13 18:48:14.513 - RealTimeSTT: realtimestt - INFO - State changed from 'transcribing' to 'inactive'
2025-10-13 18:48:14.534 - RealTimeSTT: realtimestt - DEBUG - Model base completed transcription in 1.02 seconds
2025-10-13 18:48:14.534 - RealTimeSTT: realtimestt - DEBUG - Model base completed transcription in 1.02 seconds
2025-10-13 18:48:16.822 - RealTimeSTT: realtimestt - INFO - Setting listen time
2025-10-13 18:48:16.822 - RealTimeSTT: realtimestt - INFO - Setting listen time
2025-10-13 18:48:16.822 - RealTimeSTT: realtimestt - INFO - State changed from 'inactive' to 'listening'
2025-10-13 18:48:16.822 - RealTimeSTT: realtimestt - INFO - State changed from 'inactive' to 'listening'
2025-10-13 18:48:16.826 - RealTimeSTT: realtimestt - DEBUG - Waiting for recording start
2025-10-13 18:48:16.826 - RealTimeSTT: realtimestt - DEBUG - Waiting for recording start
2025-10-13 18:48:17.823 - RealTimeSTT: realtimestt - INFO - voice activity detected
2025-10-13 18:48:17.823 - RealTimeSTT: realtimestt - INFO - voice activity detected
2025-10-13 18:48:17.825 - RealTimeSTT: realtimestt - INFO - recording started
2025-10-13 18:48:17.825 - RealTimeSTT: realtimestt - INFO - recording started
2025-10-13 18:48:17.825 - RealTimeSTT: realtimestt - INFO - State changed from 'listening' to 'recording'
2025-10-13 18:48:17.825 - RealTimeSTT: realtimestt - INFO - State changed from 'listening' to 'recording'
2025-10-13 18:48:17.825 - RealTimeSTT: realtimestt - DEBUG - Waiting for recording stop
2025-10-13 18:48:17.825 - RealTimeSTT: realtimestt - DEBUG - Waiting for recording stop
2025-10-13 18:48:17.826 - RealTimeSTT: realtimestt - DEBUG - Current realtime buffer size: 16896
2025-10-13 18:48:17.826 - RealTimeSTT: realtimestt - DEBUG - Current realtime buffer size: 16896
2025-10-13 18:48:18.287 - RealTimeSTT: realtimestt - DEBUG - Realtime text detected:  Okay.
2025-10-13 18:48:18.287 - RealTimeSTT: realtimestt - DEBUG - Realtime text detected:  Okay.
2025-10-13 18:48:18.287 - RealTimeSTT: realtimestt - DEBUG - Current realtime buffer size: 24064
2025-10-13 18:48:18.287 - RealTimeSTT: realtimestt - DEBUG - Current realtime buffer size: 24064
2025-10-13 18:48:18.762 - RealTimeSTT: realtimestt - DEBUG - Realtime text detected:  Okay, let's go.
2025-10-13 18:48:18.762 - RealTimeSTT: realtimestt - DEBUG - Realtime text detected:  Okay, let's go.
2025-10-13 18:48:18.913 - RealTimeSTT: realtimestt - INFO - recording stopped
2025-10-13 18:48:18.913 - RealTimeSTT: realtimestt - INFO - recording stopped
2025-10-13 18:48:18.913 - RealTimeSTT: realtimestt - DEBUG - No samples removed, final audio length: 33792
2025-10-13 18:48:18.913 - RealTimeSTT: realtimestt - DEBUG - No samples removed, final audio length: 33792
2025-10-13 18:48:18.913 - RealTimeSTT: realtimestt - INFO - State changed from 'recording' to 'inactive'
2025-10-13 18:48:18.913 - RealTimeSTT: realtimestt - INFO - State changed from 'recording' to 'inactive'
2025-10-13 18:48:18.946 - RealTimeSTT: realtimestt - INFO - State changed from 'inactive' to 'transcribing'
2025-10-13 18:48:18.946 - RealTimeSTT: realtimestt - INFO - State changed from 'inactive' to 'transcribing'
2025-10-13 18:48:18.950 - RealTimeSTT: realtimestt - DEBUG - Adding transcription request, no early transcription started
2025-10-13 18:48:18.950 - RealTimeSTT: realtimestt - DEBUG - Adding transcription request, no early transcription started
2025-10-13 18:48:18.970 - RealTimeSTT: realtimestt - DEBUG - Receive from parent_transcription_pipe after sendiung transcription request, transcribe_count: 1
2025-10-13 18:48:18.970 - RealTimeSTT: realtimestt - DEBUG - Receive from parent_transcription_pipe after sendiung transcription request, transcribe_count: 1
2025-10-13 18:48:19.071 - RealTimeSTT: realtimestt - DEBUG - Receive from parent_transcription_pipe after sendiung transcription request, transcribe_count: 1
2025-10-13 18:48:19.071 - RealTimeSTT: realtimestt - DEBUG - Receive from parent_transcription_pipe after sendiung transcription request, transcribe_count: 1
2025-10-13 18:48:19.172 - RealTimeSTT: realtimestt - DEBUG - Receive from parent_transcription_pipe after sendiung transcription request, transcribe_count: 1
2025-10-13 18:48:19.172 - RealTimeSTT: realtimestt - DEBUG - Receive from parent_transcription_pipe after sendiung transcription request, transcribe_count: 1
2025-10-13 18:48:19.273 - RealTimeSTT: realtimestt - DEBUG - Receive from parent_transcription_pipe after sendiung transcription request, transcribe_count: 1
2025-10-13 18:48:19.273 - RealTimeSTT: realtimestt - DEBUG - Receive from parent_transcription_pipe after sendiung transcription request, transcribe_count: 1
2025-10-13 18:48:19.374 - RealTimeSTT: realtimestt - DEBUG - Receive from parent_transcription_pipe after sendiung transcription request, transcribe_count: 1
2025-10-13 18:48:19.374 - RealTimeSTT: realtimestt - DEBUG - Receive from parent_transcription_pipe after sendiung transcription request, transcribe_count: 1
2025-10-13 18:48:19.475 - RealTimeSTT: realtimestt - DEBUG - Receive from parent_transcription_pipe after sendiung transcription request, transcribe_count: 1
2025-10-13 18:48:19.475 - RealTimeSTT: realtimestt - DEBUG - Receive from parent_transcription_pipe after sendiung transcription request, transcribe_count: 1
2025-10-13 18:48:19.550 - RealTimeSTT: realtimestt - INFO - State changed from 'transcribing' to 'inactive'
2025-10-13 18:48:19.550 - RealTimeSTT: realtimestt - INFO - State changed from 'transcribing' to 'inactive'
2025-10-13 18:48:19.579 - RealTimeSTT: realtimestt - DEBUG - Model tiny completed transcription in 0.63 seconds
2025-10-13 18:48:19.579 - RealTimeSTT: realtimestt - DEBUG - Model tiny completed transcription in 0.63 seconds
2025-10-13 19:18:02.716 - RealTimeSTT: realtimestt - INFO - Starting RealTimeSTT
2025-10-13 19:18:02.760 - RealTimeSTT: realtimestt - INFO - Initializing audio recording (creating pyAudio input stream, sample rate: 16000 buffer size: 512
2025-10-13 19:18:02.789 - RealTimeSTT: realtimestt - INFO - Initializing faster_whisper realtime transcription model tiny, default device: cpu, compute type: int8, device index: 0, download root: None
2025-10-13 19:18:05.248 - RealTimeSTT: realtimestt - DEBUG - Faster_whisper realtime speech to text transcription model initialized successfully
2025-10-13 19:18:05.248 - RealTimeSTT: realtimestt - INFO - Initializing WebRTC voice with Sensitivity 3
2025-10-13 19:18:05.248 - RealTimeSTT: realtimestt - DEBUG - WebRTC VAD voice activity detection engine initialized successfully
2025-10-13 19:18:06.292 - RealTimeSTT: realtimestt - DEBUG - Silero VAD voice activity detection engine initialized successfully
2025-10-13 19:18:06.303 - RealTimeSTT: realtimestt - DEBUG - Starting realtime worker
2025-10-13 19:18:06.303 - RealTimeSTT: realtimestt - DEBUG - Waiting for main transcription model to start
2025-10-13 19:18:22.484 - RealTimeSTT: realtimestt - DEBUG - Main transcription model ready
2025-10-13 19:18:22.486 - RealTimeSTT: realtimestt - DEBUG - RealtimeSTT initialization completed successfully
2025-10-13 19:18:22.489 - RealTimeSTT: realtimestt - INFO - Starting RealTimeSTT
2025-10-13 19:18:22.489 - RealTimeSTT: realtimestt - INFO - Starting RealTimeSTT
2025-10-13 19:18:22.534 - RealTimeSTT: realtimestt - INFO - Initializing audio recording (creating pyAudio input stream, sample rate: 16000 buffer size: 512
2025-10-13 19:18:22.534 - RealTimeSTT: realtimestt - INFO - Initializing audio recording (creating pyAudio input stream, sample rate: 16000 buffer size: 512
2025-10-13 19:18:22.588 - RealTimeSTT: realtimestt - INFO - Initializing faster_whisper realtime transcription model tiny, default device: cpu, compute type: int8, device index: 0, download root: None
2025-10-13 19:18:22.588 - RealTimeSTT: realtimestt - INFO - Initializing faster_whisper realtime transcription model tiny, default device: cpu, compute type: int8, device index: 0, download root: None
2025-10-13 19:18:26.536 - RealTimeSTT: realtimestt - DEBUG - Faster_whisper realtime speech to text transcription model initialized successfully
2025-10-13 19:18:26.536 - RealTimeSTT: realtimestt - DEBUG - Faster_whisper realtime speech to text transcription model initialized successfully
2025-10-13 19:18:26.538 - RealTimeSTT: realtimestt - INFO - Initializing WebRTC voice with Sensitivity 3
2025-10-13 19:18:26.538 - RealTimeSTT: realtimestt - INFO - Initializing WebRTC voice with Sensitivity 3
2025-10-13 19:18:26.538 - RealTimeSTT: realtimestt - DEBUG - WebRTC VAD voice activity detection engine initialized successfully
2025-10-13 19:18:26.538 - RealTimeSTT: realtimestt - DEBUG - WebRTC VAD voice activity detection engine initialized successfully
2025-10-13 19:18:27.232 - RealTimeSTT: realtimestt - DEBUG - Silero VAD voice activity detection engine initialized successfully
2025-10-13 19:18:27.232 - RealTimeSTT: realtimestt - DEBUG - Silero VAD voice activity detection engine initialized successfully
2025-10-13 19:18:27.235 - RealTimeSTT: realtimestt - DEBUG - Starting realtime worker
2025-10-13 19:18:27.235 - RealTimeSTT: realtimestt - DEBUG - Starting realtime worker
2025-10-13 19:18:27.236 - RealTimeSTT: realtimestt - DEBUG - Waiting for main transcription model to start
2025-10-13 19:18:27.236 - RealTimeSTT: realtimestt - DEBUG - Waiting for main transcription model to start
2025-10-13 19:18:42.807 - RealTimeSTT: realtimestt - DEBUG - Main transcription model ready
2025-10-13 19:18:42.807 - RealTimeSTT: realtimestt - DEBUG - Main transcription model ready
2025-10-13 19:18:42.811 - RealTimeSTT: realtimestt - DEBUG - RealtimeSTT initialization completed successfully
2025-10-13 19:18:42.811 - RealTimeSTT: realtimestt - DEBUG - RealtimeSTT initialization completed successfully
2025-10-13 19:18:42.823 - RealTimeSTT: realtimestt - INFO - Setting listen time
2025-10-13 19:18:42.823 - RealTimeSTT: realtimestt - INFO - Setting listen time
2025-10-13 19:18:42.824 - RealTimeSTT: realtimestt - INFO - State changed from 'inactive' to 'listening'
2025-10-13 19:18:42.824 - RealTimeSTT: realtimestt - INFO - State changed from 'inactive' to 'listening'
2025-10-13 19:18:42.824 - RealTimeSTT: realtimestt - INFO - Setting listen time
2025-10-13 19:18:42.824 - RealTimeSTT: realtimestt - INFO - Setting listen time
2025-10-13 19:18:42.842 - RealTimeSTT: realtimestt - INFO - State changed from 'inactive' to 'listening'
2025-10-13 19:18:42.842 - RealTimeSTT: realtimestt - INFO - State changed from 'inactive' to 'listening'
2025-10-13 19:18:42.897 - RealTimeSTT: realtimestt - DEBUG - Waiting for recording start
2025-10-13 19:18:42.897 - RealTimeSTT: realtimestt - DEBUG - Waiting for recording start
2025-10-13 19:18:42.898 - RealTimeSTT: realtimestt - DEBUG - Waiting for recording start
2025-10-13 19:18:42.898 - RealTimeSTT: realtimestt - DEBUG - Waiting for recording start
2025-10-13 19:18:52.819 - RealTimeSTT: realtimestt - INFO - voice activity detected
2025-10-13 19:18:52.819 - RealTimeSTT: realtimestt - INFO - voice activity detected
2025-10-13 19:18:52.819 - RealTimeSTT: realtimestt - INFO - recording started
2025-10-13 19:18:52.819 - RealTimeSTT: realtimestt - INFO - recording started
2025-10-13 19:18:52.819 - RealTimeSTT: realtimestt - INFO - State changed from 'listening' to 'recording'
2025-10-13 19:18:52.819 - RealTimeSTT: realtimestt - INFO - State changed from 'listening' to 'recording'
2025-10-13 19:18:52.821 - RealTimeSTT: realtimestt - DEBUG - Waiting for recording stop
2025-10-13 19:18:52.821 - RealTimeSTT: realtimestt - DEBUG - Waiting for recording stop
2025-10-13 19:18:52.827 - RealTimeSTT: realtimestt - DEBUG - Current realtime buffer size: 16896
2025-10-13 19:18:52.827 - RealTimeSTT: realtimestt - DEBUG - Current realtime buffer size: 16896
2025-10-13 19:18:52.924 - RealTimeSTT: realtimestt - INFO - voice activity detected
2025-10-13 19:18:52.924 - RealTimeSTT: realtimestt - INFO - voice activity detected
2025-10-13 19:18:52.924 - RealTimeSTT: realtimestt - INFO - recording started
2025-10-13 19:18:52.924 - RealTimeSTT: realtimestt - INFO - recording started
2025-10-13 19:18:52.924 - RealTimeSTT: realtimestt - INFO - State changed from 'listening' to 'recording'
2025-10-13 19:18:52.924 - RealTimeSTT: realtimestt - INFO - State changed from 'listening' to 'recording'
2025-10-13 19:18:52.925 - RealTimeSTT: realtimestt - DEBUG - Waiting for recording stop
2025-10-13 19:18:52.925 - RealTimeSTT: realtimestt - DEBUG - Waiting for recording stop
2025-10-13 19:18:52.932 - RealTimeSTT: realtimestt - DEBUG - Current realtime buffer size: 16896
2025-10-13 19:18:52.932 - RealTimeSTT: realtimestt - DEBUG - Current realtime buffer size: 16896
2025-10-13 19:18:53.565 - RealTimeSTT: realtimestt - DEBUG - Realtime text detected:  Hi, can I in?
2025-10-13 19:18:53.565 - RealTimeSTT: realtimestt - DEBUG - Realtime text detected:  Hi, can I in?
2025-10-13 19:18:53.565 - RealTimeSTT: realtimestt - DEBUG - Current realtime buffer size: 28160
2025-10-13 19:18:53.565 - RealTimeSTT: realtimestt - DEBUG - Current realtime buffer size: 28160
2025-10-13 19:18:53.575 - RealTimeSTT: realtimestt - DEBUG - Realtime text detected:  Hi, can I know
2025-10-13 19:18:53.575 - RealTimeSTT: realtimestt - DEBUG - Realtime text detected:  Hi, can I know
2025-10-13 19:18:53.577 - RealTimeSTT: realtimestt - DEBUG - Current realtime buffer size: 27136
2025-10-13 19:18:53.577 - RealTimeSTT: realtimestt - DEBUG - Current realtime buffer size: 27136
2025-10-13 19:18:54.169 - RealTimeSTT: realtimestt - DEBUG - Realtime text detected:  Hi, can I know the
2025-10-13 19:18:54.169 - RealTimeSTT: realtimestt - DEBUG - Realtime text detected:  Hi, can I know the
2025-10-13 19:18:54.177 - RealTimeSTT: realtimestt - DEBUG - Realtime text detected:  Hi, can I know the...
2025-10-13 19:18:54.177 - RealTimeSTT: realtimestt - DEBUG - Realtime text detected:  Hi, can I know the...
2025-10-13 19:18:54.283 - RealTimeSTT: realtimestt - INFO - recording stopped
2025-10-13 19:18:54.283 - RealTimeSTT: realtimestt - INFO - recording stopped
2025-10-13 19:18:54.292 - RealTimeSTT: realtimestt - DEBUG - No samples removed, final audio length: 39936
2025-10-13 19:18:54.292 - RealTimeSTT: realtimestt - DEBUG - No samples removed, final audio length: 39936
2025-10-13 19:18:54.292 - RealTimeSTT: realtimestt - INFO - State changed from 'recording' to 'inactive'
2025-10-13 19:18:54.292 - RealTimeSTT: realtimestt - INFO - State changed from 'recording' to 'inactive'
2025-10-13 19:18:54.343 - RealTimeSTT: realtimestt - INFO - State changed from 'inactive' to 'transcribing'
2025-10-13 19:18:54.343 - RealTimeSTT: realtimestt - INFO - State changed from 'inactive' to 'transcribing'
2025-10-13 19:18:54.347 - RealTimeSTT: realtimestt - DEBUG - Adding transcription request, no early transcription started
2025-10-13 19:18:54.347 - RealTimeSTT: realtimestt - DEBUG - Adding transcription request, no early transcription started
2025-10-13 19:18:54.354 - RealTimeSTT: realtimestt - DEBUG - Receive from parent_transcription_pipe after sendiung transcription request, transcribe_count: 1
2025-10-13 19:18:54.354 - RealTimeSTT: realtimestt - DEBUG - Receive from parent_transcription_pipe after sendiung transcription request, transcribe_count: 1
2025-10-13 19:18:54.454 - RealTimeSTT: realtimestt - DEBUG - Receive from parent_transcription_pipe after sendiung transcription request, transcribe_count: 1
2025-10-13 19:18:54.454 - RealTimeSTT: realtimestt - DEBUG - Receive from parent_transcription_pipe after sendiung transcription request, transcribe_count: 1
2025-10-13 19:18:54.462 - RealTimeSTT: realtimestt - DEBUG - Current realtime buffer size: 41472
2025-10-13 19:18:54.462 - RealTimeSTT: realtimestt - DEBUG - Current realtime buffer size: 41472
2025-10-13 19:18:54.555 - RealTimeSTT: realtimestt - DEBUG - Receive from parent_transcription_pipe after sendiung transcription request, transcribe_count: 1
2025-10-13 19:18:54.555 - RealTimeSTT: realtimestt - DEBUG - Receive from parent_transcription_pipe after sendiung transcription request, transcribe_count: 1
2025-10-13 19:18:54.655 - RealTimeSTT: realtimestt - DEBUG - Receive from parent_transcription_pipe after sendiung transcription request, transcribe_count: 1
2025-10-13 19:18:54.655 - RealTimeSTT: realtimestt - DEBUG - Receive from parent_transcription_pipe after sendiung transcription request, transcribe_count: 1
2025-10-13 19:18:54.758 - RealTimeSTT: realtimestt - DEBUG - Receive from parent_transcription_pipe after sendiung transcription request, transcribe_count: 1
2025-10-13 19:18:54.758 - RealTimeSTT: realtimestt - DEBUG - Receive from parent_transcription_pipe after sendiung transcription request, transcribe_count: 1
2025-10-13 19:18:54.866 - RealTimeSTT: realtimestt - DEBUG - Receive from parent_transcription_pipe after sendiung transcription request, transcribe_count: 1
2025-10-13 19:18:54.866 - RealTimeSTT: realtimestt - DEBUG - Receive from parent_transcription_pipe after sendiung transcription request, transcribe_count: 1
2025-10-13 19:18:54.967 - RealTimeSTT: realtimestt - DEBUG - Receive from parent_transcription_pipe after sendiung transcription request, transcribe_count: 1
2025-10-13 19:18:54.967 - RealTimeSTT: realtimestt - DEBUG - Receive from parent_transcription_pipe after sendiung transcription request, transcribe_count: 1
2025-10-13 19:18:54.995 - RealTimeSTT: realtimestt - DEBUG - Realtime text detected:  Hi, can I know the...
2025-10-13 19:18:54.995 - RealTimeSTT: realtimestt - DEBUG - Realtime text detected:  Hi, can I know the...
2025-10-13 19:18:54.995 - RealTimeSTT: realtimestt - DEBUG - Current realtime buffer size: 49664
2025-10-13 19:18:54.995 - RealTimeSTT: realtimestt - DEBUG - Current realtime buffer size: 49664
2025-10-13 19:18:55.009 - RealTimeSTT: realtimestt - INFO - State changed from 'transcribing' to 'inactive'
2025-10-13 19:18:55.009 - RealTimeSTT: realtimestt - INFO - State changed from 'transcribing' to 'inactive'
2025-10-13 19:18:55.042 - RealTimeSTT: realtimestt - DEBUG - Model tiny completed transcription in 0.69 seconds
2025-10-13 19:18:55.042 - RealTimeSTT: realtimestt - DEBUG - Model tiny completed transcription in 0.69 seconds
2025-10-13 19:18:55.403 - RealTimeSTT: realtimestt - DEBUG - Realtime text detected:  Hi, can I know the value up?
2025-10-13 19:18:55.403 - RealTimeSTT: realtimestt - DEBUG - Realtime text detected:  Hi, can I know the value up?
2025-10-13 19:18:55.685 - RealTimeSTT: realtimestt - DEBUG - Current realtime buffer size: 60928
2025-10-13 19:18:55.685 - RealTimeSTT: realtimestt - DEBUG - Current realtime buffer size: 60928
2025-10-13 19:18:56.051 - RealTimeSTT: realtimestt - DEBUG - Realtime text detected:  Hi can I know the value of this?
2025-10-13 19:18:56.051 - RealTimeSTT: realtimestt - DEBUG - Realtime text detected:  Hi can I know the value of this?
2025-10-13 19:18:56.051 - RealTimeSTT: realtimestt - DEBUG - Current realtime buffer size: 66048
2025-10-13 19:18:56.051 - RealTimeSTT: realtimestt - DEBUG - Current realtime buffer size: 66048
2025-10-13 19:18:56.409 - RealTimeSTT: realtimestt - DEBUG - Realtime text detected:  Hi, can I know the value of the source?
2025-10-13 19:18:56.409 - RealTimeSTT: realtimestt - DEBUG - Realtime text detected:  Hi, can I know the value of the source?
2025-10-13 19:18:56.445 - RealTimeSTT: realtimestt - DEBUG - Current realtime buffer size: 73216
2025-10-13 19:18:56.445 - RealTimeSTT: realtimestt - DEBUG - Current realtime buffer size: 73216
2025-10-13 19:18:56.785 - RealTimeSTT: realtimestt - DEBUG - Realtime text detected:  Hi can I know the value of the services?
2025-10-13 19:18:56.785 - RealTimeSTT: realtimestt - DEBUG - Realtime text detected:  Hi can I know the value of the services?
2025-10-13 19:18:56.785 - RealTimeSTT: realtimestt - DEBUG - Current realtime buffer size: 78336
2025-10-13 19:18:56.785 - RealTimeSTT: realtimestt - DEBUG - Current realtime buffer size: 78336
2025-10-13 19:18:57.156 - RealTimeSTT: realtimestt - DEBUG - Realtime text detected:  Hi, can I know the value of the services provider?
2025-10-13 19:18:57.156 - RealTimeSTT: realtimestt - DEBUG - Realtime text detected:  Hi, can I know the value of the services provider?
2025-10-13 19:18:57.156 - RealTimeSTT: realtimestt - DEBUG - Current realtime buffer size: 84480
2025-10-13 19:18:57.156 - RealTimeSTT: realtimestt - DEBUG - Current realtime buffer size: 84480
2025-10-13 19:18:57.547 - RealTimeSTT: realtimestt - DEBUG - Realtime text detected:  Hi, can I know the value of the services provided by
2025-10-13 19:18:57.547 - RealTimeSTT: realtimestt - DEBUG - Realtime text detected:  Hi, can I know the value of the services provided by
2025-10-13 19:18:57.604 - RealTimeSTT: realtimestt - DEBUG - Current realtime buffer size: 91648
2025-10-13 19:18:57.604 - RealTimeSTT: realtimestt - DEBUG - Current realtime buffer size: 91648
2025-10-13 19:18:57.983 - RealTimeSTT: realtimestt - DEBUG - Realtime text detected:  Hi, can I know the value of the services provided by the
2025-10-13 19:18:57.983 - RealTimeSTT: realtimestt - DEBUG - Realtime text detected:  Hi, can I know the value of the services provided by the
2025-10-13 19:18:57.983 - RealTimeSTT: realtimestt - DEBUG - Current realtime buffer size: 97792
2025-10-13 19:18:57.983 - RealTimeSTT: realtimestt - DEBUG - Current realtime buffer size: 97792
2025-10-13 19:18:58.374 - RealTimeSTT: realtimestt - DEBUG - Realtime text detected:  Hi, can I know the value of the services provided by the Shamler?
2025-10-13 19:18:58.374 - RealTimeSTT: realtimestt - DEBUG - Realtime text detected:  Hi, can I know the value of the services provided by the Shamler?
2025-10-13 19:18:58.995 - RealTimeSTT: realtimestt - INFO - recording stopped
2025-10-13 19:18:58.995 - RealTimeSTT: realtimestt - INFO - recording stopped
2025-10-13 19:18:58.997 - RealTimeSTT: realtimestt - DEBUG - No samples removed, final audio length: 113664
2025-10-13 19:18:58.997 - RealTimeSTT: realtimestt - DEBUG - No samples removed, final audio length: 113664
2025-10-13 19:18:58.997 - RealTimeSTT: realtimestt - INFO - State changed from 'recording' to 'inactive'
2025-10-13 19:18:58.997 - RealTimeSTT: realtimestt - INFO - State changed from 'recording' to 'inactive'
2025-10-13 19:18:59.069 - RealTimeSTT: realtimestt - INFO - State changed from 'inactive' to 'transcribing'
2025-10-13 19:18:59.069 - RealTimeSTT: realtimestt - INFO - State changed from 'inactive' to 'transcribing'
2025-10-13 19:18:59.074 - RealTimeSTT: realtimestt - DEBUG - Adding transcription request, no early transcription started
2025-10-13 19:18:59.074 - RealTimeSTT: realtimestt - DEBUG - Adding transcription request, no early transcription started
2025-10-13 19:18:59.089 - RealTimeSTT: realtimestt - DEBUG - Receive from parent_transcription_pipe after sendiung transcription request, transcribe_count: 1
2025-10-13 19:18:59.089 - RealTimeSTT: realtimestt - DEBUG - Receive from parent_transcription_pipe after sendiung transcription request, transcribe_count: 1
2025-10-13 19:18:59.190 - RealTimeSTT: realtimestt - DEBUG - Receive from parent_transcription_pipe after sendiung transcription request, transcribe_count: 1
2025-10-13 19:18:59.190 - RealTimeSTT: realtimestt - DEBUG - Receive from parent_transcription_pipe after sendiung transcription request, transcribe_count: 1
2025-10-13 19:18:59.291 - RealTimeSTT: realtimestt - DEBUG - Receive from parent_transcription_pipe after sendiung transcription request, transcribe_count: 1
2025-10-13 19:18:59.291 - RealTimeSTT: realtimestt - DEBUG - Receive from parent_transcription_pipe after sendiung transcription request, transcribe_count: 1
2025-10-13 19:18:59.391 - RealTimeSTT: realtimestt - DEBUG - Receive from parent_transcription_pipe after sendiung transcription request, transcribe_count: 1
2025-10-13 19:18:59.391 - RealTimeSTT: realtimestt - DEBUG - Receive from parent_transcription_pipe after sendiung transcription request, transcribe_count: 1
2025-10-13 19:18:59.493 - RealTimeSTT: realtimestt - DEBUG - Receive from parent_transcription_pipe after sendiung transcription request, transcribe_count: 1
2025-10-13 19:18:59.493 - RealTimeSTT: realtimestt - DEBUG - Receive from parent_transcription_pipe after sendiung transcription request, transcribe_count: 1
2025-10-13 19:18:59.594 - RealTimeSTT: realtimestt - DEBUG - Receive from parent_transcription_pipe after sendiung transcription request, transcribe_count: 1
2025-10-13 19:18:59.594 - RealTimeSTT: realtimestt - DEBUG - Receive from parent_transcription_pipe after sendiung transcription request, transcribe_count: 1
2025-10-13 19:18:59.695 - RealTimeSTT: realtimestt - DEBUG - Receive from parent_transcription_pipe after sendiung transcription request, transcribe_count: 1
2025-10-13 19:18:59.695 - RealTimeSTT: realtimestt - DEBUG - Receive from parent_transcription_pipe after sendiung transcription request, transcribe_count: 1
2025-10-13 19:18:59.795 - RealTimeSTT: realtimestt - DEBUG - Receive from parent_transcription_pipe after sendiung transcription request, transcribe_count: 1
2025-10-13 19:18:59.795 - RealTimeSTT: realtimestt - DEBUG - Receive from parent_transcription_pipe after sendiung transcription request, transcribe_count: 1
2025-10-13 19:18:59.896 - RealTimeSTT: realtimestt - DEBUG - Receive from parent_transcription_pipe after sendiung transcription request, transcribe_count: 1
2025-10-13 19:18:59.896 - RealTimeSTT: realtimestt - DEBUG - Receive from parent_transcription_pipe after sendiung transcription request, transcribe_count: 1
2025-10-13 19:18:59.963 - RealTimeSTT: realtimestt - INFO - State changed from 'transcribing' to 'inactive'
2025-10-13 19:18:59.963 - RealTimeSTT: realtimestt - INFO - State changed from 'transcribing' to 'inactive'
2025-10-13 19:18:59.992 - RealTimeSTT: realtimestt - DEBUG - Model base completed transcription in 0.92 seconds
2025-10-13 19:18:59.992 - RealTimeSTT: realtimestt - DEBUG - Model base completed transcription in 0.92 seconds
2025-10-13 19:19:02.880 - RealTimeSTT: realtimestt - INFO - Setting listen time
2025-10-13 19:19:02.880 - RealTimeSTT: realtimestt - INFO - Setting listen time
2025-10-13 19:19:02.881 - RealTimeSTT: realtimestt - INFO - State changed from 'inactive' to 'listening'
2025-10-13 19:19:02.881 - RealTimeSTT: realtimestt - INFO - State changed from 'inactive' to 'listening'
2025-10-13 19:19:02.884 - RealTimeSTT: realtimestt - DEBUG - Waiting for recording start
2025-10-13 19:19:02.884 - RealTimeSTT: realtimestt - DEBUG - Waiting for recording start
2025-10-13 19:19:15.019 - RealTimeSTT: realtimestt - INFO - voice activity detected
2025-10-13 19:19:15.019 - RealTimeSTT: realtimestt - INFO - voice activity detected
2025-10-13 19:19:15.020 - RealTimeSTT: realtimestt - INFO - recording started
2025-10-13 19:19:15.020 - RealTimeSTT: realtimestt - INFO - recording started
2025-10-13 19:19:15.020 - RealTimeSTT: realtimestt - INFO - State changed from 'listening' to 'recording'
2025-10-13 19:19:15.020 - RealTimeSTT: realtimestt - INFO - State changed from 'listening' to 'recording'
2025-10-13 19:19:15.020 - RealTimeSTT: realtimestt - DEBUG - Waiting for recording stop
2025-10-13 19:19:15.020 - RealTimeSTT: realtimestt - DEBUG - Waiting for recording stop
2025-10-13 19:19:15.030 - RealTimeSTT: realtimestt - DEBUG - Current realtime buffer size: 16896
2025-10-13 19:19:15.030 - RealTimeSTT: realtimestt - DEBUG - Current realtime buffer size: 16896
2025-10-13 19:19:15.380 - RealTimeSTT: realtimestt - DEBUG - Realtime text detected:  I...
2025-10-13 19:19:15.380 - RealTimeSTT: realtimestt - DEBUG - Realtime text detected:  I...
2025-10-13 19:19:15.381 - RealTimeSTT: realtimestt - DEBUG - Current realtime buffer size: 22016
2025-10-13 19:19:15.381 - RealTimeSTT: realtimestt - DEBUG - Current realtime buffer size: 22016
2025-10-13 19:19:15.728 - RealTimeSTT: realtimestt - DEBUG - Realtime text detected:  I'm in.
2025-10-13 19:19:15.728 - RealTimeSTT: realtimestt - DEBUG - Realtime text detected:  I'm in.
2025-10-13 19:19:15.728 - RealTimeSTT: realtimestt - DEBUG - Current realtime buffer size: 27136
2025-10-13 19:19:15.728 - RealTimeSTT: realtimestt - DEBUG - Current realtime buffer size: 27136
2025-10-13 19:19:16.018 - RealTimeSTT: realtimestt - DEBUG - Realtime text detected:  I meant...
2025-10-13 19:19:16.018 - RealTimeSTT: realtimestt - DEBUG - Realtime text detected:  I meant...
2025-10-13 19:19:16.018 - RealTimeSTT: realtimestt - DEBUG - Current realtime buffer size: 32256
2025-10-13 19:19:16.018 - RealTimeSTT: realtimestt - DEBUG - Current realtime buffer size: 32256
2025-10-13 19:19:16.426 - RealTimeSTT: realtimestt - DEBUG - Realtime text detected:  I meant the A.
2025-10-13 19:19:16.426 - RealTimeSTT: realtimestt - DEBUG - Realtime text detected:  I meant the A.
2025-10-13 19:19:16.427 - RealTimeSTT: realtimestt - DEBUG - Current realtime buffer size: 38400
2025-10-13 19:19:16.427 - RealTimeSTT: realtimestt - DEBUG - Current realtime buffer size: 38400
2025-10-13 19:19:16.838 - RealTimeSTT: realtimestt - DEBUG - Realtime text detected:  I meant the AIs.
2025-10-13 19:19:16.838 - RealTimeSTT: realtimestt - DEBUG - Realtime text detected:  I meant the AIs.
2025-10-13 19:19:16.838 - RealTimeSTT: realtimestt - DEBUG - Current realtime buffer size: 45568
2025-10-13 19:19:16.838 - RealTimeSTT: realtimestt - DEBUG - Current realtime buffer size: 45568
2025-10-13 19:19:17.228 - RealTimeSTT: realtimestt - DEBUG - Realtime text detected:  I meant the AI service.
2025-10-13 19:19:17.228 - RealTimeSTT: realtimestt - DEBUG - Realtime text detected:  I meant the AI service.
2025-10-13 19:19:17.324 - RealTimeSTT: realtimestt - INFO - recording stopped
2025-10-13 19:19:17.324 - RealTimeSTT: realtimestt - INFO - recording stopped
2025-10-13 19:19:17.326 - RealTimeSTT: realtimestt - DEBUG - No samples removed, final audio length: 53248
2025-10-13 19:19:17.326 - RealTimeSTT: realtimestt - DEBUG - No samples removed, final audio length: 53248
2025-10-13 19:19:17.326 - RealTimeSTT: realtimestt - INFO - State changed from 'recording' to 'inactive'
2025-10-13 19:19:17.326 - RealTimeSTT: realtimestt - INFO - State changed from 'recording' to 'inactive'
2025-10-13 19:19:17.380 - RealTimeSTT: realtimestt - INFO - State changed from 'inactive' to 'transcribing'
2025-10-13 19:19:17.380 - RealTimeSTT: realtimestt - INFO - State changed from 'inactive' to 'transcribing'
2025-10-13 19:19:17.383 - RealTimeSTT: realtimestt - DEBUG - Adding transcription request, no early transcription started
2025-10-13 19:19:17.383 - RealTimeSTT: realtimestt - DEBUG - Adding transcription request, no early transcription started
2025-10-13 19:19:17.401 - RealTimeSTT: realtimestt - DEBUG - Receive from parent_transcription_pipe after sendiung transcription request, transcribe_count: 1
2025-10-13 19:19:17.401 - RealTimeSTT: realtimestt - DEBUG - Receive from parent_transcription_pipe after sendiung transcription request, transcribe_count: 1
2025-10-13 19:19:17.501 - RealTimeSTT: realtimestt - DEBUG - Receive from parent_transcription_pipe after sendiung transcription request, transcribe_count: 1
2025-10-13 19:19:17.501 - RealTimeSTT: realtimestt - DEBUG - Receive from parent_transcription_pipe after sendiung transcription request, transcribe_count: 1
2025-10-13 19:19:17.602 - RealTimeSTT: realtimestt - DEBUG - Receive from parent_transcription_pipe after sendiung transcription request, transcribe_count: 1
2025-10-13 19:19:17.602 - RealTimeSTT: realtimestt - DEBUG - Receive from parent_transcription_pipe after sendiung transcription request, transcribe_count: 1
2025-10-13 19:19:17.702 - RealTimeSTT: realtimestt - DEBUG - Receive from parent_transcription_pipe after sendiung transcription request, transcribe_count: 1
2025-10-13 19:19:17.702 - RealTimeSTT: realtimestt - DEBUG - Receive from parent_transcription_pipe after sendiung transcription request, transcribe_count: 1
2025-10-13 19:19:17.803 - RealTimeSTT: realtimestt - INFO - State changed from 'transcribing' to 'inactive'
2025-10-13 19:19:17.803 - RealTimeSTT: realtimestt - INFO - State changed from 'transcribing' to 'inactive'
2025-10-13 19:19:17.842 - RealTimeSTT: realtimestt - DEBUG - Model tiny completed transcription in 0.46 seconds
2025-10-13 19:19:17.842 - RealTimeSTT: realtimestt - DEBUG - Model tiny completed transcription in 0.46 seconds
2025-10-13 19:19:17.938 - RealTimeSTT: realtimestt - INFO - Setting listen time
2025-10-13 19:19:17.938 - RealTimeSTT: realtimestt - INFO - Setting listen time
2025-10-13 19:19:17.938 - RealTimeSTT: realtimestt - INFO - State changed from 'inactive' to 'listening'
2025-10-13 19:19:17.938 - RealTimeSTT: realtimestt - INFO - State changed from 'inactive' to 'listening'
2025-10-13 19:19:17.943 - RealTimeSTT: realtimestt - DEBUG - Waiting for recording start
2025-10-13 19:19:17.943 - RealTimeSTT: realtimestt - DEBUG - Waiting for recording start
2025-10-13 19:19:32.163 - RealTimeSTT: realtimestt - INFO - voice activity detected
2025-10-13 19:19:32.163 - RealTimeSTT: realtimestt - INFO - voice activity detected
2025-10-13 19:19:32.163 - RealTimeSTT: realtimestt - INFO - recording started
2025-10-13 19:19:32.163 - RealTimeSTT: realtimestt - INFO - recording started
2025-10-13 19:19:32.163 - RealTimeSTT: realtimestt - INFO - State changed from 'listening' to 'recording'
2025-10-13 19:19:32.163 - RealTimeSTT: realtimestt - INFO - State changed from 'listening' to 'recording'
2025-10-13 19:19:32.163 - RealTimeSTT: realtimestt - DEBUG - Waiting for recording stop
2025-10-13 19:19:32.163 - RealTimeSTT: realtimestt - DEBUG - Waiting for recording stop
2025-10-13 19:19:32.181 - RealTimeSTT: realtimestt - DEBUG - Current realtime buffer size: 16896
2025-10-13 19:19:32.181 - RealTimeSTT: realtimestt - DEBUG - Current realtime buffer size: 16896
2025-10-13 19:19:32.521 - RealTimeSTT: realtimestt - DEBUG - Realtime text detected:  I...
2025-10-13 19:19:32.521 - RealTimeSTT: realtimestt - DEBUG - Realtime text detected:  I...
2025-10-13 19:19:32.521 - RealTimeSTT: realtimestt - DEBUG - Current realtime buffer size: 22016
2025-10-13 19:19:32.521 - RealTimeSTT: realtimestt - DEBUG - Current realtime buffer size: 22016
2025-10-13 19:19:32.829 - RealTimeSTT: realtimestt - DEBUG - Realtime text detected:  I want to
2025-10-13 19:19:32.829 - RealTimeSTT: realtimestt - DEBUG - Realtime text detected:  I want to
2025-10-13 19:19:32.829 - RealTimeSTT: realtimestt - DEBUG - Current realtime buffer size: 27136
2025-10-13 19:19:32.829 - RealTimeSTT: realtimestt - DEBUG - Current realtime buffer size: 27136
2025-10-13 19:19:33.174 - RealTimeSTT: realtimestt - DEBUG - Realtime text detected:  I want to know about
2025-10-13 19:19:33.174 - RealTimeSTT: realtimestt - DEBUG - Realtime text detected:  I want to know about
2025-10-13 19:19:33.175 - RealTimeSTT: realtimestt - DEBUG - Current realtime buffer size: 32256
2025-10-13 19:19:33.175 - RealTimeSTT: realtimestt - DEBUG - Current realtime buffer size: 32256
2025-10-13 19:19:33.526 - RealTimeSTT: realtimestt - DEBUG - Realtime text detected:  I want to know about you
2025-10-13 19:19:33.526 - RealTimeSTT: realtimestt - DEBUG - Realtime text detected:  I want to know about you
2025-10-13 19:19:33.526 - RealTimeSTT: realtimestt - DEBUG - Current realtime buffer size: 38400
2025-10-13 19:19:33.526 - RealTimeSTT: realtimestt - DEBUG - Current realtime buffer size: 38400
2025-10-13 19:19:33.897 - RealTimeSTT: realtimestt - DEBUG - Realtime text detected:  I want to know about the 86
2025-10-13 19:19:33.897 - RealTimeSTT: realtimestt - DEBUG - Realtime text detected:  I want to know about the 86
2025-10-13 19:19:33.898 - RealTimeSTT: realtimestt - DEBUG - Current realtime buffer size: 44544
2025-10-13 19:19:33.898 - RealTimeSTT: realtimestt - DEBUG - Current realtime buffer size: 44544
2025-10-13 19:19:34.281 - RealTimeSTT: realtimestt - DEBUG - Realtime text detected:  I want to know about deep anti services.
2025-10-13 19:19:34.281 - RealTimeSTT: realtimestt - DEBUG - Realtime text detected:  I want to know about deep anti services.
2025-10-13 19:19:34.596 - RealTimeSTT: realtimestt - INFO - recording stopped
2025-10-13 19:19:34.596 - RealTimeSTT: realtimestt - INFO - recording stopped
2025-10-13 19:19:34.597 - RealTimeSTT: realtimestt - DEBUG - No samples removed, final audio length: 55296
2025-10-13 19:19:34.597 - RealTimeSTT: realtimestt - DEBUG - No samples removed, final audio length: 55296
2025-10-13 19:19:34.597 - RealTimeSTT: realtimestt - INFO - State changed from 'recording' to 'inactive'
2025-10-13 19:19:34.597 - RealTimeSTT: realtimestt - INFO - State changed from 'recording' to 'inactive'
2025-10-13 19:19:34.652 - RealTimeSTT: realtimestt - INFO - State changed from 'inactive' to 'transcribing'
2025-10-13 19:19:34.652 - RealTimeSTT: realtimestt - INFO - State changed from 'inactive' to 'transcribing'
2025-10-13 19:19:34.655 - RealTimeSTT: realtimestt - DEBUG - Adding transcription request, no early transcription started
2025-10-13 19:19:34.655 - RealTimeSTT: realtimestt - DEBUG - Adding transcription request, no early transcription started
2025-10-13 19:19:34.675 - RealTimeSTT: realtimestt - DEBUG - Receive from parent_transcription_pipe after sendiung transcription request, transcribe_count: 1
2025-10-13 19:19:34.675 - RealTimeSTT: realtimestt - DEBUG - Receive from parent_transcription_pipe after sendiung transcription request, transcribe_count: 1
2025-10-13 19:19:34.775 - RealTimeSTT: realtimestt - DEBUG - Receive from parent_transcription_pipe after sendiung transcription request, transcribe_count: 1
2025-10-13 19:19:34.775 - RealTimeSTT: realtimestt - DEBUG - Receive from parent_transcription_pipe after sendiung transcription request, transcribe_count: 1
2025-10-13 19:19:34.876 - RealTimeSTT: realtimestt - DEBUG - Receive from parent_transcription_pipe after sendiung transcription request, transcribe_count: 1
2025-10-13 19:19:34.876 - RealTimeSTT: realtimestt - DEBUG - Receive from parent_transcription_pipe after sendiung transcription request, transcribe_count: 1
2025-10-13 19:19:34.977 - RealTimeSTT: realtimestt - DEBUG - Receive from parent_transcription_pipe after sendiung transcription request, transcribe_count: 1
2025-10-13 19:19:34.977 - RealTimeSTT: realtimestt - DEBUG - Receive from parent_transcription_pipe after sendiung transcription request, transcribe_count: 1
2025-10-13 19:19:35.078 - RealTimeSTT: realtimestt - DEBUG - Receive from parent_transcription_pipe after sendiung transcription request, transcribe_count: 1
2025-10-13 19:19:35.078 - RealTimeSTT: realtimestt - DEBUG - Receive from parent_transcription_pipe after sendiung transcription request, transcribe_count: 1
2025-10-13 19:19:35.179 - RealTimeSTT: realtimestt - DEBUG - Receive from parent_transcription_pipe after sendiung transcription request, transcribe_count: 1
2025-10-13 19:19:35.179 - RealTimeSTT: realtimestt - DEBUG - Receive from parent_transcription_pipe after sendiung transcription request, transcribe_count: 1
2025-10-13 19:19:35.280 - RealTimeSTT: realtimestt - DEBUG - Receive from parent_transcription_pipe after sendiung transcription request, transcribe_count: 1
2025-10-13 19:19:35.280 - RealTimeSTT: realtimestt - DEBUG - Receive from parent_transcription_pipe after sendiung transcription request, transcribe_count: 1
2025-10-13 19:19:35.381 - RealTimeSTT: realtimestt - DEBUG - Receive from parent_transcription_pipe after sendiung transcription request, transcribe_count: 1
2025-10-13 19:19:35.381 - RealTimeSTT: realtimestt - DEBUG - Receive from parent_transcription_pipe after sendiung transcription request, transcribe_count: 1
2025-10-13 19:19:35.426 - RealTimeSTT: realtimestt - INFO - State changed from 'transcribing' to 'inactive'
2025-10-13 19:19:35.426 - RealTimeSTT: realtimestt - INFO - State changed from 'transcribing' to 'inactive'
2025-10-13 19:19:35.469 - RealTimeSTT: realtimestt - DEBUG - Model base completed transcription in 0.81 seconds
2025-10-13 19:19:35.469 - RealTimeSTT: realtimestt - DEBUG - Model base completed transcription in 0.81 seconds
2025-10-13 19:19:38.059 - RealTimeSTT: realtimestt - INFO - Setting listen time
2025-10-13 19:19:38.059 - RealTimeSTT: realtimestt - INFO - Setting listen time
2025-10-13 19:19:38.059 - RealTimeSTT: realtimestt - INFO - State changed from 'inactive' to 'listening'
2025-10-13 19:19:38.059 - RealTimeSTT: realtimestt - INFO - State changed from 'inactive' to 'listening'
2025-10-13 19:19:38.062 - RealTimeSTT: realtimestt - DEBUG - Waiting for recording start
2025-10-13 19:19:38.062 - RealTimeSTT: realtimestt - DEBUG - Waiting for recording start
2025-10-13 19:19:55.219 - RealTimeSTT: realtimestt - INFO - voice activity detected
2025-10-13 19:19:55.219 - RealTimeSTT: realtimestt - INFO - voice activity detected
2025-10-13 19:19:55.219 - RealTimeSTT: realtimestt - INFO - recording started
2025-10-13 19:19:55.219 - RealTimeSTT: realtimestt - INFO - recording started
2025-10-13 19:19:55.219 - RealTimeSTT: realtimestt - INFO - State changed from 'listening' to 'recording'
2025-10-13 19:19:55.219 - RealTimeSTT: realtimestt - INFO - State changed from 'listening' to 'recording'
2025-10-13 19:19:55.220 - RealTimeSTT: realtimestt - DEBUG - Waiting for recording stop
2025-10-13 19:19:55.220 - RealTimeSTT: realtimestt - DEBUG - Waiting for recording stop
2025-10-13 19:19:55.229 - RealTimeSTT: realtimestt - DEBUG - Current realtime buffer size: 16896
2025-10-13 19:19:55.229 - RealTimeSTT: realtimestt - DEBUG - Current realtime buffer size: 16896
2025-10-13 19:19:55.570 - RealTimeSTT: realtimestt - DEBUG - Realtime text detected:  Good.
2025-10-13 19:19:55.570 - RealTimeSTT: realtimestt - DEBUG - Realtime text detected:  Good.
2025-10-13 19:19:55.570 - RealTimeSTT: realtimestt - DEBUG - Current realtime buffer size: 22016
2025-10-13 19:19:55.570 - RealTimeSTT: realtimestt - DEBUG - Current realtime buffer size: 22016
2025-10-13 19:19:55.883 - RealTimeSTT: realtimestt - DEBUG - Realtime text detected:  This is...
2025-10-13 19:19:55.883 - RealTimeSTT: realtimestt - DEBUG - Realtime text detected:  This is...
2025-10-13 19:19:55.883 - RealTimeSTT: realtimestt - DEBUG - Current realtime buffer size: 27136
2025-10-13 19:19:55.883 - RealTimeSTT: realtimestt - DEBUG - Current realtime buffer size: 27136
2025-10-13 19:19:56.196 - RealTimeSTT: realtimestt - DEBUG - Realtime text detected:  Corio Chicken
2025-10-13 19:19:56.196 - RealTimeSTT: realtimestt - DEBUG - Realtime text detected:  Corio Chicken
2025-10-13 19:19:56.196 - RealTimeSTT: realtimestt - DEBUG - Current realtime buffer size: 32256
2025-10-13 19:19:56.196 - RealTimeSTT: realtimestt - DEBUG - Current realtime buffer size: 32256
2025-10-13 19:19:56.522 - RealTimeSTT: realtimestt - DEBUG - Realtime text detected:  Korea Chicken On
2025-10-13 19:19:56.522 - RealTimeSTT: realtimestt - DEBUG - Realtime text detected:  Korea Chicken On
2025-10-13 19:19:56.522 - RealTimeSTT: realtimestt - DEBUG - Current realtime buffer size: 37376
2025-10-13 19:19:56.522 - RealTimeSTT: realtimestt - DEBUG - Current realtime buffer size: 37376
2025-10-13 19:19:56.870 - RealTimeSTT: realtimestt - DEBUG - Realtime text detected:  Korean chicken on the...
2025-10-13 19:19:56.870 - RealTimeSTT: realtimestt - DEBUG - Realtime text detected:  Korean chicken on the...
2025-10-13 19:19:56.885 - RealTimeSTT: realtimestt - DEBUG - Current realtime buffer size: 43520
2025-10-13 19:19:56.885 - RealTimeSTT: realtimestt - DEBUG - Current realtime buffer size: 43520
2025-10-13 19:19:57.202 - RealTimeSTT: realtimestt - DEBUG - Realtime text detected:  Korean chicken on the...
2025-10-13 19:19:57.202 - RealTimeSTT: realtimestt - DEBUG - Realtime text detected:  Korean chicken on the...
2025-10-13 19:19:57.396 - RealTimeSTT: realtimestt - DEBUG - Current realtime buffer size: 51712
2025-10-13 19:19:57.396 - RealTimeSTT: realtimestt - DEBUG - Current realtime buffer size: 51712
2025-10-13 19:19:57.738 - RealTimeSTT: realtimestt - DEBUG - Realtime text detected:  Korean chicken on the...
2025-10-13 19:19:57.738 - RealTimeSTT: realtimestt - DEBUG - Realtime text detected:  Korean chicken on the...
2025-10-13 19:19:57.738 - RealTimeSTT: realtimestt - DEBUG - Current realtime buffer size: 56832
2025-10-13 19:19:57.738 - RealTimeSTT: realtimestt - DEBUG - Current realtime buffer size: 56832
2025-10-13 19:19:58.067 - RealTimeSTT: realtimestt - DEBUG - Realtime text detected:  Korean chicken on the
2025-10-13 19:19:58.067 - RealTimeSTT: realtimestt - DEBUG - Realtime text detected:  Korean chicken on the
2025-10-13 19:19:58.067 - RealTimeSTT: realtimestt - DEBUG - Current realtime buffer size: 61952
2025-10-13 19:19:58.067 - RealTimeSTT: realtimestt - DEBUG - Current realtime buffer size: 61952
2025-10-13 19:19:58.404 - RealTimeSTT: realtimestt - DEBUG - Realtime text detected:  Korean chicken on the one
2025-10-13 19:19:58.404 - RealTimeSTT: realtimestt - DEBUG - Realtime text detected:  Korean chicken on the one
2025-10-13 19:19:58.404 - RealTimeSTT: realtimestt - DEBUG - Current realtime buffer size: 67072
2025-10-13 19:19:58.404 - RealTimeSTT: realtimestt - DEBUG - Current realtime buffer size: 67072
2025-10-13 19:19:58.729 - RealTimeSTT: realtimestt - DEBUG - Realtime text detected:  Korean chicken on the WAI
2025-10-13 19:19:58.729 - RealTimeSTT: realtimestt - DEBUG - Realtime text detected:  Korean chicken on the WAI
2025-10-13 19:19:58.729 - RealTimeSTT: realtimestt - DEBUG - Current realtime buffer size: 72192
2025-10-13 19:19:58.729 - RealTimeSTT: realtimestt - DEBUG - Current realtime buffer size: 72192
2025-10-13 19:19:59.084 - RealTimeSTT: realtimestt - DEBUG - Realtime text detected:  Korean chicken on the
2025-10-13 19:19:59.084 - RealTimeSTT: realtimestt - DEBUG - Realtime text detected:  Korean chicken on the
2025-10-13 19:19:59.085 - RealTimeSTT: realtimestt - DEBUG - Current realtime buffer size: 78336
2025-10-13 19:19:59.085 - RealTimeSTT: realtimestt - DEBUG - Current realtime buffer size: 78336
2025-10-13 19:19:59.426 - RealTimeSTT: realtimestt - DEBUG - Realtime text detected:  Korean chicken on the YA.
2025-10-13 19:19:59.426 - RealTimeSTT: realtimestt - DEBUG - Realtime text detected:  Korean chicken on the YA.
2025-10-13 19:19:59.564 - RealTimeSTT: realtimestt - DEBUG - Current realtime buffer size: 86528
2025-10-13 19:19:59.564 - RealTimeSTT: realtimestt - DEBUG - Current realtime buffer size: 86528
2025-10-13 19:19:59.935 - RealTimeSTT: realtimestt - DEBUG - Realtime text detected:  Korean chicken on the YABC.
2025-10-13 19:19:59.935 - RealTimeSTT: realtimestt - DEBUG - Realtime text detected:  Korean chicken on the YABC.
2025-10-13 19:20:00.139 - RealTimeSTT: realtimestt - INFO - recording stopped
2025-10-13 19:20:00.139 - RealTimeSTT: realtimestt - INFO - recording stopped
2025-10-13 19:20:00.141 - RealTimeSTT: realtimestt - DEBUG - No samples removed, final audio length: 95232
2025-10-13 19:20:00.141 - RealTimeSTT: realtimestt - DEBUG - No samples removed, final audio length: 95232
2025-10-13 19:20:00.141 - RealTimeSTT: realtimestt - INFO - State changed from 'recording' to 'inactive'
2025-10-13 19:20:00.141 - RealTimeSTT: realtimestt - INFO - State changed from 'recording' to 'inactive'
2025-10-13 19:20:00.141 - RealTimeSTT: realtimestt - INFO - State changed from 'inactive' to 'transcribing'
2025-10-13 19:20:00.141 - RealTimeSTT: realtimestt - INFO - State changed from 'inactive' to 'transcribing'
2025-10-13 19:20:00.143 - RealTimeSTT: realtimestt - DEBUG - Adding transcription request, no early transcription started
2025-10-13 19:20:00.143 - RealTimeSTT: realtimestt - DEBUG - Adding transcription request, no early transcription started
2025-10-13 19:20:00.149 - RealTimeSTT: realtimestt - DEBUG - Receive from parent_transcription_pipe after sendiung transcription request, transcribe_count: 1
2025-10-13 19:20:00.149 - RealTimeSTT: realtimestt - DEBUG - Receive from parent_transcription_pipe after sendiung transcription request, transcribe_count: 1
2025-10-13 19:20:00.250 - RealTimeSTT: realtimestt - DEBUG - Receive from parent_transcription_pipe after sendiung transcription request, transcribe_count: 1
2025-10-13 19:20:00.250 - RealTimeSTT: realtimestt - DEBUG - Receive from parent_transcription_pipe after sendiung transcription request, transcribe_count: 1
2025-10-13 19:20:00.350 - RealTimeSTT: realtimestt - DEBUG - Receive from parent_transcription_pipe after sendiung transcription request, transcribe_count: 1
2025-10-13 19:20:00.350 - RealTimeSTT: realtimestt - DEBUG - Receive from parent_transcription_pipe after sendiung transcription request, transcribe_count: 1
2025-10-13 19:20:00.451 - RealTimeSTT: realtimestt - DEBUG - Receive from parent_transcription_pipe after sendiung transcription request, transcribe_count: 1
2025-10-13 19:20:00.451 - RealTimeSTT: realtimestt - DEBUG - Receive from parent_transcription_pipe after sendiung transcription request, transcribe_count: 1
2025-10-13 19:20:00.542 - RealTimeSTT: realtimestt - INFO - State changed from 'transcribing' to 'inactive'
2025-10-13 19:20:00.542 - RealTimeSTT: realtimestt - INFO - State changed from 'transcribing' to 'inactive'
2025-10-13 19:20:00.553 - RealTimeSTT: realtimestt - DEBUG - Model tiny completed transcription in 0.41 seconds
2025-10-13 19:20:00.553 - RealTimeSTT: realtimestt - DEBUG - Model tiny completed transcription in 0.41 seconds
2025-10-13 19:20:00.638 - RealTimeSTT: realtimestt - INFO - Setting listen time
2025-10-13 19:20:00.638 - RealTimeSTT: realtimestt - INFO - Setting listen time
2025-10-13 19:20:00.638 - RealTimeSTT: realtimestt - INFO - State changed from 'inactive' to 'listening'
2025-10-13 19:20:00.638 - RealTimeSTT: realtimestt - INFO - State changed from 'inactive' to 'listening'
2025-10-13 19:20:00.642 - RealTimeSTT: realtimestt - DEBUG - Waiting for recording start
2025-10-13 19:20:00.642 - RealTimeSTT: realtimestt - DEBUG - Waiting for recording start
2025-10-13 19:20:04.859 - RealTimeSTT: realtimestt - INFO - voice activity detected
2025-10-13 19:20:04.859 - RealTimeSTT: realtimestt - INFO - voice activity detected
2025-10-13 19:20:04.859 - RealTimeSTT: realtimestt - INFO - recording started
2025-10-13 19:20:04.859 - RealTimeSTT: realtimestt - INFO - recording started
2025-10-13 19:20:04.861 - RealTimeSTT: realtimestt - INFO - State changed from 'listening' to 'recording'
2025-10-13 19:20:04.861 - RealTimeSTT: realtimestt - INFO - State changed from 'listening' to 'recording'
2025-10-13 19:20:04.861 - RealTimeSTT: realtimestt - DEBUG - Waiting for recording stop
2025-10-13 19:20:04.861 - RealTimeSTT: realtimestt - DEBUG - Waiting for recording stop
2025-10-13 19:20:04.861 - RealTimeSTT: realtimestt - DEBUG - Current realtime buffer size: 16896
2025-10-13 19:20:04.861 - RealTimeSTT: realtimestt - DEBUG - Current realtime buffer size: 16896
2025-10-13 19:20:05.189 - RealTimeSTT: realtimestt - DEBUG - Realtime text detected:  I'm not going to do that.
2025-10-13 19:20:05.189 - RealTimeSTT: realtimestt - DEBUG - Realtime text detected:  I'm not going to do that.
2025-10-13 19:20:05.189 - RealTimeSTT: realtimestt - DEBUG - Current realtime buffer size: 22016
2025-10-13 19:20:05.189 - RealTimeSTT: realtimestt - DEBUG - Current realtime buffer size: 22016
2025-10-13 19:20:05.545 - RealTimeSTT: realtimestt - DEBUG - Realtime text detected:  Okay
2025-10-13 19:20:05.545 - RealTimeSTT: realtimestt - DEBUG - Realtime text detected:  Okay
2025-10-13 19:20:05.692 - RealTimeSTT: realtimestt - DEBUG - Current realtime buffer size: 30208
2025-10-13 19:20:05.692 - RealTimeSTT: realtimestt - DEBUG - Current realtime buffer size: 30208
2025-10-13 19:20:05.996 - RealTimeSTT: realtimestt - DEBUG - Realtime text detected:  Okay.
2025-10-13 19:20:05.996 - RealTimeSTT: realtimestt - DEBUG - Realtime text detected:  Okay.
2025-10-13 19:20:05.997 - RealTimeSTT: realtimestt - DEBUG - Current realtime buffer size: 34304
2025-10-13 19:20:05.997 - RealTimeSTT: realtimestt - DEBUG - Current realtime buffer size: 34304
2025-10-13 19:20:06.290 - RealTimeSTT: realtimestt - DEBUG - Realtime text detected:  Okay.
2025-10-13 19:20:06.290 - RealTimeSTT: realtimestt - DEBUG - Realtime text detected:  Okay.
2025-10-13 19:20:06.404 - RealTimeSTT: realtimestt - DEBUG - Current realtime buffer size: 41472
2025-10-13 19:20:06.404 - RealTimeSTT: realtimestt - DEBUG - Current realtime buffer size: 41472
2025-10-13 19:20:06.696 - RealTimeSTT: realtimestt - DEBUG - Realtime text detected:  Okay.
2025-10-13 19:20:06.696 - RealTimeSTT: realtimestt - DEBUG - Realtime text detected:  Okay.
2025-10-13 19:20:07.235 - RealTimeSTT: realtimestt - INFO - recording stopped
2025-10-13 19:20:07.235 - RealTimeSTT: realtimestt - INFO - recording stopped
2025-10-13 19:20:07.237 - RealTimeSTT: realtimestt - DEBUG - No samples removed, final audio length: 54272
2025-10-13 19:20:07.237 - RealTimeSTT: realtimestt - DEBUG - No samples removed, final audio length: 54272
2025-10-13 19:20:07.237 - RealTimeSTT: realtimestt - INFO - State changed from 'recording' to 'inactive'
2025-10-13 19:20:07.237 - RealTimeSTT: realtimestt - INFO - State changed from 'recording' to 'inactive'
2025-10-13 19:20:07.320 - RealTimeSTT: realtimestt - INFO - State changed from 'inactive' to 'transcribing'
2025-10-13 19:20:07.320 - RealTimeSTT: realtimestt - INFO - State changed from 'inactive' to 'transcribing'
2025-10-13 19:20:07.323 - RealTimeSTT: realtimestt - DEBUG - Adding transcription request, no early transcription started
2025-10-13 19:20:07.323 - RealTimeSTT: realtimestt - DEBUG - Adding transcription request, no early transcription started
2025-10-13 19:20:07.324 - RealTimeSTT: realtimestt - DEBUG - Receive from parent_transcription_pipe after sendiung transcription request, transcribe_count: 1
2025-10-13 19:20:07.324 - RealTimeSTT: realtimestt - DEBUG - Receive from parent_transcription_pipe after sendiung transcription request, transcribe_count: 1
2025-10-13 19:20:07.425 - RealTimeSTT: realtimestt - DEBUG - Receive from parent_transcription_pipe after sendiung transcription request, transcribe_count: 1
2025-10-13 19:20:07.425 - RealTimeSTT: realtimestt - DEBUG - Receive from parent_transcription_pipe after sendiung transcription request, transcribe_count: 1
2025-10-13 19:20:07.525 - RealTimeSTT: realtimestt - DEBUG - Receive from parent_transcription_pipe after sendiung transcription request, transcribe_count: 1
2025-10-13 19:20:07.525 - RealTimeSTT: realtimestt - DEBUG - Receive from parent_transcription_pipe after sendiung transcription request, transcribe_count: 1
2025-10-13 19:20:07.626 - RealTimeSTT: realtimestt - DEBUG - Receive from parent_transcription_pipe after sendiung transcription request, transcribe_count: 1
2025-10-13 19:20:07.626 - RealTimeSTT: realtimestt - DEBUG - Receive from parent_transcription_pipe after sendiung transcription request, transcribe_count: 1
2025-10-13 19:20:07.726 - RealTimeSTT: realtimestt - DEBUG - Receive from parent_transcription_pipe after sendiung transcription request, transcribe_count: 1
2025-10-13 19:20:07.726 - RealTimeSTT: realtimestt - DEBUG - Receive from parent_transcription_pipe after sendiung transcription request, transcribe_count: 1
2025-10-13 19:20:07.827 - RealTimeSTT: realtimestt - DEBUG - Receive from parent_transcription_pipe after sendiung transcription request, transcribe_count: 1
2025-10-13 19:20:07.827 - RealTimeSTT: realtimestt - DEBUG - Receive from parent_transcription_pipe after sendiung transcription request, transcribe_count: 1
2025-10-13 19:20:07.927 - RealTimeSTT: realtimestt - DEBUG - Receive from parent_transcription_pipe after sendiung transcription request, transcribe_count: 1
2025-10-13 19:20:07.927 - RealTimeSTT: realtimestt - DEBUG - Receive from parent_transcription_pipe after sendiung transcription request, transcribe_count: 1
2025-10-13 19:20:08.027 - RealTimeSTT: realtimestt - DEBUG - Receive from parent_transcription_pipe after sendiung transcription request, transcribe_count: 1
2025-10-13 19:20:08.027 - RealTimeSTT: realtimestt - DEBUG - Receive from parent_transcription_pipe after sendiung transcription request, transcribe_count: 1
2025-10-13 19:20:08.028 - RealTimeSTT: realtimestt - INFO - State changed from 'transcribing' to 'inactive'
2025-10-13 19:20:08.028 - RealTimeSTT: realtimestt - INFO - State changed from 'transcribing' to 'inactive'
2025-10-13 19:20:08.033 - RealTimeSTT: realtimestt - DEBUG - Model base completed transcription in 0.71 seconds
2025-10-13 19:20:08.033 - RealTimeSTT: realtimestt - DEBUG - Model base completed transcription in 0.71 seconds
2025-10-13 19:20:10.296 - RealTimeSTT: realtimestt - INFO - Setting listen time
2025-10-13 19:20:10.296 - RealTimeSTT: realtimestt - INFO - Setting listen time
2025-10-13 19:20:10.297 - RealTimeSTT: realtimestt - INFO - State changed from 'inactive' to 'listening'
2025-10-13 19:20:10.297 - RealTimeSTT: realtimestt - INFO - State changed from 'inactive' to 'listening'
2025-10-13 19:20:10.299 - RealTimeSTT: realtimestt - DEBUG - Waiting for recording start
2025-10-13 19:20:10.299 - RealTimeSTT: realtimestt - DEBUG - Waiting for recording start
2025-10-13 19:20:13.651 - RealTimeSTT: realtimestt - INFO - voice activity detected
2025-10-13 19:20:13.651 - RealTimeSTT: realtimestt - INFO - voice activity detected
2025-10-13 19:20:13.651 - RealTimeSTT: realtimestt - INFO - recording started
2025-10-13 19:20:13.651 - RealTimeSTT: realtimestt - INFO - recording started
2025-10-13 19:20:13.651 - RealTimeSTT: realtimestt - INFO - State changed from 'listening' to 'recording'
2025-10-13 19:20:13.651 - RealTimeSTT: realtimestt - INFO - State changed from 'listening' to 'recording'
2025-10-13 19:20:13.653 - RealTimeSTT: realtimestt - DEBUG - Waiting for recording stop
2025-10-13 19:20:13.653 - RealTimeSTT: realtimestt - DEBUG - Waiting for recording stop
2025-10-13 19:20:13.669 - RealTimeSTT: realtimestt - DEBUG - Current realtime buffer size: 16896
2025-10-13 19:20:13.669 - RealTimeSTT: realtimestt - DEBUG - Current realtime buffer size: 16896
2025-10-13 19:20:14.013 - RealTimeSTT: realtimestt - DEBUG - Realtime text detected:  Good.
2025-10-13 19:20:14.013 - RealTimeSTT: realtimestt - DEBUG - Realtime text detected:  Good.
2025-10-13 19:20:14.013 - RealTimeSTT: realtimestt - DEBUG - Current realtime buffer size: 22016
2025-10-13 19:20:14.013 - RealTimeSTT: realtimestt - DEBUG - Current realtime buffer size: 22016
2025-10-13 19:20:14.430 - RealTimeSTT: realtimestt - DEBUG - Realtime text detected:  Good, you check.
2025-10-13 19:20:14.430 - RealTimeSTT: realtimestt - DEBUG - Realtime text detected:  Good, you check.
2025-10-13 19:20:14.430 - RealTimeSTT: realtimestt - DEBUG - Current realtime buffer size: 29184
2025-10-13 19:20:14.430 - RealTimeSTT: realtimestt - DEBUG - Current realtime buffer size: 29184
2025-10-13 19:20:14.771 - RealTimeSTT: realtimestt - DEBUG - Realtime text detected:  Could you check in on this?
2025-10-13 19:20:14.771 - RealTimeSTT: realtimestt - DEBUG - Realtime text detected:  Could you check in on this?
2025-10-13 19:20:14.771 - RealTimeSTT: realtimestt - DEBUG - Current realtime buffer size: 34304
2025-10-13 19:20:14.771 - RealTimeSTT: realtimestt - DEBUG - Current realtime buffer size: 34304
2025-10-13 19:20:15.136 - RealTimeSTT: realtimestt - DEBUG - Realtime text detected:  Could you check in on the...
2025-10-13 19:20:15.136 - RealTimeSTT: realtimestt - DEBUG - Realtime text detected:  Could you check in on the...
2025-10-13 19:20:15.308 - RealTimeSTT: realtimestt - INFO - recording stopped
2025-10-13 19:20:15.308 - RealTimeSTT: realtimestt - INFO - recording stopped
2025-10-13 19:20:15.309 - RealTimeSTT: realtimestt - DEBUG - No samples removed, final audio length: 43008
2025-10-13 19:20:15.309 - RealTimeSTT: realtimestt - DEBUG - No samples removed, final audio length: 43008
2025-10-13 19:20:15.309 - RealTimeSTT: realtimestt - INFO - State changed from 'recording' to 'inactive'
2025-10-13 19:20:15.309 - RealTimeSTT: realtimestt - INFO - State changed from 'recording' to 'inactive'
2025-10-13 19:20:15.331 - RealTimeSTT: realtimestt - INFO - State changed from 'inactive' to 'transcribing'
2025-10-13 19:20:15.331 - RealTimeSTT: realtimestt - INFO - State changed from 'inactive' to 'transcribing'
2025-10-13 19:20:15.336 - RealTimeSTT: realtimestt - DEBUG - Adding transcription request, no early transcription started
2025-10-13 19:20:15.336 - RealTimeSTT: realtimestt - DEBUG - Adding transcription request, no early transcription started
2025-10-13 19:20:15.355 - RealTimeSTT: realtimestt - DEBUG - Receive from parent_transcription_pipe after sendiung transcription request, transcribe_count: 1
2025-10-13 19:20:15.355 - RealTimeSTT: realtimestt - DEBUG - Receive from parent_transcription_pipe after sendiung transcription request, transcribe_count: 1
2025-10-13 19:20:15.456 - RealTimeSTT: realtimestt - DEBUG - Receive from parent_transcription_pipe after sendiung transcription request, transcribe_count: 1
2025-10-13 19:20:15.456 - RealTimeSTT: realtimestt - DEBUG - Receive from parent_transcription_pipe after sendiung transcription request, transcribe_count: 1
2025-10-13 19:20:15.557 - RealTimeSTT: realtimestt - DEBUG - Receive from parent_transcription_pipe after sendiung transcription request, transcribe_count: 1
2025-10-13 19:20:15.557 - RealTimeSTT: realtimestt - DEBUG - Receive from parent_transcription_pipe after sendiung transcription request, transcribe_count: 1
2025-10-13 19:20:15.658 - RealTimeSTT: realtimestt - DEBUG - Receive from parent_transcription_pipe after sendiung transcription request, transcribe_count: 1
2025-10-13 19:20:15.658 - RealTimeSTT: realtimestt - DEBUG - Receive from parent_transcription_pipe after sendiung transcription request, transcribe_count: 1
2025-10-13 19:20:15.735 - RealTimeSTT: realtimestt - INFO - State changed from 'transcribing' to 'inactive'
2025-10-13 19:20:15.735 - RealTimeSTT: realtimestt - INFO - State changed from 'transcribing' to 'inactive'
2025-10-13 19:20:15.744 - RealTimeSTT: realtimestt - DEBUG - Model tiny completed transcription in 0.41 seconds
2025-10-13 19:20:15.744 - RealTimeSTT: realtimestt - DEBUG - Model tiny completed transcription in 0.41 seconds
2025-10-13 19:20:15.818 - RealTimeSTT: realtimestt - INFO - Setting listen time
2025-10-13 19:20:15.818 - RealTimeSTT: realtimestt - INFO - Setting listen time
2025-10-13 19:20:15.818 - RealTimeSTT: realtimestt - INFO - State changed from 'inactive' to 'listening'
2025-10-13 19:20:15.818 - RealTimeSTT: realtimestt - INFO - State changed from 'inactive' to 'listening'
2025-10-13 19:20:15.822 - RealTimeSTT: realtimestt - DEBUG - Waiting for recording start
2025-10-13 19:20:15.822 - RealTimeSTT: realtimestt - DEBUG - Waiting for recording start
2025-10-13 19:20:16.060 - RealTimeSTT: realtimestt - INFO - voice activity detected
2025-10-13 19:20:16.060 - RealTimeSTT: realtimestt - INFO - voice activity detected
2025-10-13 19:20:16.060 - RealTimeSTT: realtimestt - INFO - recording started
2025-10-13 19:20:16.060 - RealTimeSTT: realtimestt - INFO - recording started
2025-10-13 19:20:16.060 - RealTimeSTT: realtimestt - INFO - State changed from 'listening' to 'recording'
2025-10-13 19:20:16.060 - RealTimeSTT: realtimestt - INFO - State changed from 'listening' to 'recording'
2025-10-13 19:20:16.060 - RealTimeSTT: realtimestt - DEBUG - Waiting for recording stop
2025-10-13 19:20:16.060 - RealTimeSTT: realtimestt - DEBUG - Waiting for recording stop
2025-10-13 19:20:16.079 - RealTimeSTT: realtimestt - DEBUG - Current realtime buffer size: 16896
2025-10-13 19:20:16.079 - RealTimeSTT: realtimestt - DEBUG - Current realtime buffer size: 16896
2025-10-13 19:20:16.401 - RealTimeSTT: realtimestt - DEBUG - Realtime text detected:  What?
2025-10-13 19:20:16.401 - RealTimeSTT: realtimestt - DEBUG - Realtime text detected:  What?
2025-10-13 19:20:16.401 - RealTimeSTT: realtimestt - DEBUG - Current realtime buffer size: 22016
2025-10-13 19:20:16.401 - RealTimeSTT: realtimestt - DEBUG - Current realtime buffer size: 22016
2025-10-13 19:20:16.711 - RealTimeSTT: realtimestt - DEBUG - Realtime text detected:  Body up.
2025-10-13 19:20:16.711 - RealTimeSTT: realtimestt - DEBUG - Realtime text detected:  Body up.
2025-10-13 19:20:16.711 - RealTimeSTT: realtimestt - DEBUG - Current realtime buffer size: 27136
2025-10-13 19:20:16.711 - RealTimeSTT: realtimestt - DEBUG - Current realtime buffer size: 27136
2025-10-13 19:20:17.030 - RealTimeSTT: realtimestt - DEBUG - Realtime text detected:  The value of the
2025-10-13 19:20:17.030 - RealTimeSTT: realtimestt - DEBUG - Realtime text detected:  The value of the
2025-10-13 19:20:17.030 - RealTimeSTT: realtimestt - DEBUG - Current realtime buffer size: 32256
2025-10-13 19:20:17.030 - RealTimeSTT: realtimestt - DEBUG - Current realtime buffer size: 32256
2025-10-13 19:20:17.380 - RealTimeSTT: realtimestt - DEBUG - Realtime text detected:  value of the
2025-10-13 19:20:17.380 - RealTimeSTT: realtimestt - DEBUG - Realtime text detected:  value of the
2025-10-13 19:20:17.380 - RealTimeSTT: realtimestt - DEBUG - Current realtime buffer size: 37376
2025-10-13 19:20:17.380 - RealTimeSTT: realtimestt - DEBUG - Current realtime buffer size: 37376
2025-10-13 19:20:17.690 - RealTimeSTT: realtimestt - DEBUG - Realtime text detected:  value of the...
2025-10-13 19:20:17.690 - RealTimeSTT: realtimestt - DEBUG - Realtime text detected:  value of the...
2025-10-13 19:20:18.243 - RealTimeSTT: realtimestt - INFO - recording stopped
2025-10-13 19:20:18.243 - RealTimeSTT: realtimestt - INFO - recording stopped
2025-10-13 19:20:18.243 - RealTimeSTT: realtimestt - DEBUG - No samples removed, final audio length: 51200
2025-10-13 19:20:18.243 - RealTimeSTT: realtimestt - DEBUG - No samples removed, final audio length: 51200
2025-10-13 19:20:18.243 - RealTimeSTT: realtimestt - INFO - State changed from 'recording' to 'inactive'
2025-10-13 19:20:18.243 - RealTimeSTT: realtimestt - INFO - State changed from 'recording' to 'inactive'
2025-10-13 19:20:18.287 - RealTimeSTT: realtimestt - INFO - State changed from 'inactive' to 'transcribing'
2025-10-13 19:20:18.287 - RealTimeSTT: realtimestt - INFO - State changed from 'inactive' to 'transcribing'
2025-10-13 19:20:18.291 - RealTimeSTT: realtimestt - DEBUG - Adding transcription request, no early transcription started
2025-10-13 19:20:18.291 - RealTimeSTT: realtimestt - DEBUG - Adding transcription request, no early transcription started
2025-10-13 19:20:18.291 - RealTimeSTT: realtimestt - DEBUG - Receive from parent_transcription_pipe after sendiung transcription request, transcribe_count: 1
2025-10-13 19:20:18.291 - RealTimeSTT: realtimestt - DEBUG - Receive from parent_transcription_pipe after sendiung transcription request, transcribe_count: 1
2025-10-13 19:20:18.392 - RealTimeSTT: realtimestt - DEBUG - Receive from parent_transcription_pipe after sendiung transcription request, transcribe_count: 1
2025-10-13 19:20:18.392 - RealTimeSTT: realtimestt - DEBUG - Receive from parent_transcription_pipe after sendiung transcription request, transcribe_count: 1
2025-10-13 19:20:18.493 - RealTimeSTT: realtimestt - DEBUG - Receive from parent_transcription_pipe after sendiung transcription request, transcribe_count: 1
2025-10-13 19:20:18.493 - RealTimeSTT: realtimestt - DEBUG - Receive from parent_transcription_pipe after sendiung transcription request, transcribe_count: 1
2025-10-13 19:20:18.594 - RealTimeSTT: realtimestt - DEBUG - Receive from parent_transcription_pipe after sendiung transcription request, transcribe_count: 1
2025-10-13 19:20:18.594 - RealTimeSTT: realtimestt - DEBUG - Receive from parent_transcription_pipe after sendiung transcription request, transcribe_count: 1
2025-10-13 19:20:18.695 - RealTimeSTT: realtimestt - DEBUG - Receive from parent_transcription_pipe after sendiung transcription request, transcribe_count: 1
2025-10-13 19:20:18.695 - RealTimeSTT: realtimestt - DEBUG - Receive from parent_transcription_pipe after sendiung transcription request, transcribe_count: 1
2025-10-13 19:20:18.796 - RealTimeSTT: realtimestt - DEBUG - Receive from parent_transcription_pipe after sendiung transcription request, transcribe_count: 1
2025-10-13 19:20:18.796 - RealTimeSTT: realtimestt - DEBUG - Receive from parent_transcription_pipe after sendiung transcription request, transcribe_count: 1
2025-10-13 19:20:18.896 - RealTimeSTT: realtimestt - DEBUG - Receive from parent_transcription_pipe after sendiung transcription request, transcribe_count: 1
2025-10-13 19:20:18.896 - RealTimeSTT: realtimestt - DEBUG - Receive from parent_transcription_pipe after sendiung transcription request, transcribe_count: 1
2025-10-13 19:20:18.983 - RealTimeSTT: realtimestt - INFO - State changed from 'transcribing' to 'inactive'
2025-10-13 19:20:18.983 - RealTimeSTT: realtimestt - INFO - State changed from 'transcribing' to 'inactive'
2025-10-13 19:20:19.001 - RealTimeSTT: realtimestt - DEBUG - Model base completed transcription in 0.71 seconds
2025-10-13 19:20:19.001 - RealTimeSTT: realtimestt - DEBUG - Model base completed transcription in 0.71 seconds
2025-10-13 19:20:21.167 - RealTimeSTT: realtimestt - INFO - Setting listen time
2025-10-13 19:20:21.167 - RealTimeSTT: realtimestt - INFO - Setting listen time
2025-10-13 19:20:21.167 - RealTimeSTT: realtimestt - INFO - State changed from 'inactive' to 'listening'
2025-10-13 19:20:21.167 - RealTimeSTT: realtimestt - INFO - State changed from 'inactive' to 'listening'
2025-10-13 19:20:21.170 - RealTimeSTT: realtimestt - DEBUG - Waiting for recording start
2025-10-13 19:20:21.170 - RealTimeSTT: realtimestt - DEBUG - Waiting for recording start
2025-10-13 19:20:28.379 - RealTimeSTT: realtimestt - DEBUG - No samples removed, final audio length: 0
2025-10-13 19:20:28.379 - RealTimeSTT: realtimestt - DEBUG - No samples removed, final audio length: 0
2025-10-13 19:20:28.379 - RealTimeSTT: realtimestt - INFO - State changed from 'listening' to 'inactive'
2025-10-13 19:20:28.379 - RealTimeSTT: realtimestt - INFO - State changed from 'listening' to 'inactive'
2025-10-13 19:24:09.157 - RealTimeSTT: realtimestt - INFO - Starting RealTimeSTT
2025-10-13 19:24:09.200 - RealTimeSTT: realtimestt - INFO - Initializing audio recording (creating pyAudio input stream, sample rate: 16000 buffer size: 512
2025-10-13 19:24:09.227 - RealTimeSTT: realtimestt - INFO - Initializing faster_whisper realtime transcription model tiny, default device: cpu, compute type: int8, device index: 0, download root: None
2025-10-13 19:24:11.922 - RealTimeSTT: realtimestt - DEBUG - Faster_whisper realtime speech to text transcription model initialized successfully
2025-10-13 19:24:11.922 - RealTimeSTT: realtimestt - INFO - Initializing WebRTC voice with Sensitivity 3
2025-10-13 19:24:11.922 - RealTimeSTT: realtimestt - DEBUG - WebRTC VAD voice activity detection engine initialized successfully
2025-10-13 19:24:13.048 - RealTimeSTT: realtimestt - DEBUG - Silero VAD voice activity detection engine initialized successfully
2025-10-13 19:24:13.051 - RealTimeSTT: realtimestt - DEBUG - Starting realtime worker
2025-10-13 19:24:13.051 - RealTimeSTT: realtimestt - DEBUG - Waiting for main transcription model to start
2025-10-13 19:24:23.543 - RealTimeSTT: realtimestt - DEBUG - Main transcription model ready
2025-10-13 19:24:23.546 - RealTimeSTT: realtimestt - DEBUG - RealtimeSTT initialization completed successfully
2025-10-13 19:24:23.550 - RealTimeSTT: realtimestt - INFO - Starting RealTimeSTT
2025-10-13 19:24:23.550 - RealTimeSTT: realtimestt - INFO - Starting RealTimeSTT
2025-10-13 19:24:23.596 - RealTimeSTT: realtimestt - INFO - Initializing audio recording (creating pyAudio input stream, sample rate: 16000 buffer size: 512
2025-10-13 19:24:23.596 - RealTimeSTT: realtimestt - INFO - Initializing audio recording (creating pyAudio input stream, sample rate: 16000 buffer size: 512
2025-10-13 19:24:23.650 - RealTimeSTT: realtimestt - INFO - Initializing faster_whisper realtime transcription model tiny, default device: cpu, compute type: int8, device index: 0, download root: None
2025-10-13 19:24:23.650 - RealTimeSTT: realtimestt - INFO - Initializing faster_whisper realtime transcription model tiny, default device: cpu, compute type: int8, device index: 0, download root: None
2025-10-13 19:24:25.113 - RealTimeSTT: realtimestt - DEBUG - Faster_whisper realtime speech to text transcription model initialized successfully
2025-10-13 19:24:25.113 - RealTimeSTT: realtimestt - DEBUG - Faster_whisper realtime speech to text transcription model initialized successfully
2025-10-13 19:24:25.114 - RealTimeSTT: realtimestt - INFO - Initializing WebRTC voice with Sensitivity 3
2025-10-13 19:24:25.114 - RealTimeSTT: realtimestt - INFO - Initializing WebRTC voice with Sensitivity 3
2025-10-13 19:24:25.114 - RealTimeSTT: realtimestt - DEBUG - WebRTC VAD voice activity detection engine initialized successfully
2025-10-13 19:24:25.114 - RealTimeSTT: realtimestt - DEBUG - WebRTC VAD voice activity detection engine initialized successfully
2025-10-13 19:24:25.421 - RealTimeSTT: realtimestt - DEBUG - Silero VAD voice activity detection engine initialized successfully
2025-10-13 19:24:25.421 - RealTimeSTT: realtimestt - DEBUG - Silero VAD voice activity detection engine initialized successfully
2025-10-13 19:24:25.424 - RealTimeSTT: realtimestt - DEBUG - Starting realtime worker
2025-10-13 19:24:25.424 - RealTimeSTT: realtimestt - DEBUG - Starting realtime worker
2025-10-13 19:24:25.424 - RealTimeSTT: realtimestt - DEBUG - Waiting for main transcription model to start
2025-10-13 19:24:25.424 - RealTimeSTT: realtimestt - DEBUG - Waiting for main transcription model to start
2025-10-13 19:24:37.651 - RealTimeSTT: realtimestt - DEBUG - Main transcription model ready
2025-10-13 19:24:37.651 - RealTimeSTT: realtimestt - DEBUG - Main transcription model ready
2025-10-13 19:24:37.654 - RealTimeSTT: realtimestt - DEBUG - RealtimeSTT initialization completed successfully
2025-10-13 19:24:37.654 - RealTimeSTT: realtimestt - DEBUG - RealtimeSTT initialization completed successfully
2025-10-13 19:24:37.657 - RealTimeSTT: realtimestt - INFO - Setting listen time
2025-10-13 19:24:37.657 - RealTimeSTT: realtimestt - INFO - Setting listen time
2025-10-13 19:24:37.658 - RealTimeSTT: realtimestt - INFO - State changed from 'inactive' to 'listening'
2025-10-13 19:24:37.658 - RealTimeSTT: realtimestt - INFO - State changed from 'inactive' to 'listening'
2025-10-13 19:24:37.665 - RealTimeSTT: realtimestt - INFO - Setting listen time
2025-10-13 19:24:37.665 - RealTimeSTT: realtimestt - INFO - Setting listen time
2025-10-13 19:24:37.665 - RealTimeSTT: realtimestt - INFO - State changed from 'inactive' to 'listening'
2025-10-13 19:24:37.665 - RealTimeSTT: realtimestt - INFO - State changed from 'inactive' to 'listening'
2025-10-13 19:24:37.674 - RealTimeSTT: realtimestt - DEBUG - Waiting for recording start
2025-10-13 19:24:37.674 - RealTimeSTT: realtimestt - DEBUG - Waiting for recording start
2025-10-13 19:24:37.675 - RealTimeSTT: realtimestt - DEBUG - Waiting for recording start
2025-10-13 19:24:37.675 - RealTimeSTT: realtimestt - DEBUG - Waiting for recording start
2025-10-13 19:24:45.711 - RealTimeSTT: realtimestt - INFO - voice activity detected
2025-10-13 19:24:45.711 - RealTimeSTT: realtimestt - INFO - voice activity detected
2025-10-13 19:24:45.712 - RealTimeSTT: realtimestt - INFO - recording started
2025-10-13 19:24:45.712 - RealTimeSTT: realtimestt - INFO - recording started
2025-10-13 19:24:45.712 - RealTimeSTT: realtimestt - INFO - State changed from 'listening' to 'recording'
2025-10-13 19:24:45.712 - RealTimeSTT: realtimestt - INFO - State changed from 'listening' to 'recording'
2025-10-13 19:24:45.712 - RealTimeSTT: realtimestt - DEBUG - Waiting for recording stop
2025-10-13 19:24:45.712 - RealTimeSTT: realtimestt - DEBUG - Waiting for recording stop
2025-10-13 19:24:45.720 - RealTimeSTT: realtimestt - INFO - voice activity detected
2025-10-13 19:24:45.720 - RealTimeSTT: realtimestt - INFO - voice activity detected
2025-10-13 19:24:45.720 - RealTimeSTT: realtimestt - INFO - recording started
2025-10-13 19:24:45.720 - RealTimeSTT: realtimestt - INFO - recording started
2025-10-13 19:24:45.720 - RealTimeSTT: realtimestt - INFO - State changed from 'listening' to 'recording'
2025-10-13 19:24:45.720 - RealTimeSTT: realtimestt - INFO - State changed from 'listening' to 'recording'
2025-10-13 19:24:45.720 - RealTimeSTT: realtimestt - DEBUG - Waiting for recording stop
2025-10-13 19:24:45.720 - RealTimeSTT: realtimestt - DEBUG - Waiting for recording stop
2025-10-13 19:24:45.723 - RealTimeSTT: realtimestt - DEBUG - Current realtime buffer size: 16896
2025-10-13 19:24:45.723 - RealTimeSTT: realtimestt - DEBUG - Current realtime buffer size: 16896
2025-10-13 19:24:45.724 - RealTimeSTT: realtimestt - DEBUG - Current realtime buffer size: 16896
2025-10-13 19:24:45.724 - RealTimeSTT: realtimestt - DEBUG - Current realtime buffer size: 16896
2025-10-13 19:24:46.358 - RealTimeSTT: realtimestt - DEBUG - Realtime text detected:  Can I know?
2025-10-13 19:24:46.358 - RealTimeSTT: realtimestt - DEBUG - Realtime text detected:  Can I know?
2025-10-13 19:24:46.358 - RealTimeSTT: realtimestt - DEBUG - Current realtime buffer size: 27136
2025-10-13 19:24:46.358 - RealTimeSTT: realtimestt - DEBUG - Current realtime buffer size: 27136
2025-10-13 19:24:46.414 - RealTimeSTT: realtimestt - DEBUG - Realtime text detected:  Can I know?
2025-10-13 19:24:46.414 - RealTimeSTT: realtimestt - DEBUG - Realtime text detected:  Can I know?
2025-10-13 19:24:46.414 - RealTimeSTT: realtimestt - DEBUG - Current realtime buffer size: 27136
2025-10-13 19:24:46.414 - RealTimeSTT: realtimestt - DEBUG - Current realtime buffer size: 27136
2025-10-13 19:24:46.984 - RealTimeSTT: realtimestt - DEBUG - Realtime text detected:  Can I know the evil?
2025-10-13 19:24:46.984 - RealTimeSTT: realtimestt - DEBUG - Realtime text detected:  Can I know the evil?
2025-10-13 19:24:47.025 - RealTimeSTT: realtimestt - DEBUG - Realtime text detected:  Can I know the evil?
2025-10-13 19:24:47.025 - RealTimeSTT: realtimestt - DEBUG - Realtime text detected:  Can I know the evil?
2025-10-13 19:24:47.192 - RealTimeSTT: realtimestt - INFO - recording stopped
2025-10-13 19:24:47.192 - RealTimeSTT: realtimestt - INFO - recording stopped
2025-10-13 19:24:47.194 - RealTimeSTT: realtimestt - DEBUG - No samples removed, final audio length: 39936
2025-10-13 19:24:47.194 - RealTimeSTT: realtimestt - DEBUG - No samples removed, final audio length: 39936
2025-10-13 19:24:47.194 - RealTimeSTT: realtimestt - INFO - State changed from 'recording' to 'inactive'
2025-10-13 19:24:47.194 - RealTimeSTT: realtimestt - INFO - State changed from 'recording' to 'inactive'
2025-10-13 19:24:47.207 - RealTimeSTT: realtimestt - INFO - State changed from 'inactive' to 'transcribing'
2025-10-13 19:24:47.207 - RealTimeSTT: realtimestt - INFO - State changed from 'inactive' to 'transcribing'
2025-10-13 19:24:47.211 - RealTimeSTT: realtimestt - DEBUG - Adding transcription request, no early transcription started
2025-10-13 19:24:47.211 - RealTimeSTT: realtimestt - DEBUG - Adding transcription request, no early transcription started
2025-10-13 19:24:47.214 - RealTimeSTT: realtimestt - DEBUG - Receive from parent_transcription_pipe after sendiung transcription request, transcribe_count: 1
2025-10-13 19:24:47.214 - RealTimeSTT: realtimestt - DEBUG - Receive from parent_transcription_pipe after sendiung transcription request, transcribe_count: 1
2025-10-13 19:24:47.314 - RealTimeSTT: realtimestt - DEBUG - Receive from parent_transcription_pipe after sendiung transcription request, transcribe_count: 1
2025-10-13 19:24:47.314 - RealTimeSTT: realtimestt - DEBUG - Receive from parent_transcription_pipe after sendiung transcription request, transcribe_count: 1
2025-10-13 19:24:47.414 - RealTimeSTT: realtimestt - DEBUG - Receive from parent_transcription_pipe after sendiung transcription request, transcribe_count: 1
2025-10-13 19:24:47.414 - RealTimeSTT: realtimestt - DEBUG - Receive from parent_transcription_pipe after sendiung transcription request, transcribe_count: 1
2025-10-13 19:24:47.504 - RealTimeSTT: realtimestt - INFO - recording stopped
2025-10-13 19:24:47.504 - RealTimeSTT: realtimestt - INFO - recording stopped
2025-10-13 19:24:47.506 - RealTimeSTT: realtimestt - DEBUG - No samples removed, final audio length: 45056
2025-10-13 19:24:47.506 - RealTimeSTT: realtimestt - DEBUG - No samples removed, final audio length: 45056
2025-10-13 19:24:47.506 - RealTimeSTT: realtimestt - INFO - State changed from 'recording' to 'inactive'
2025-10-13 19:24:47.506 - RealTimeSTT: realtimestt - INFO - State changed from 'recording' to 'inactive'
2025-10-13 19:24:47.515 - RealTimeSTT: realtimestt - DEBUG - Receive from parent_transcription_pipe after sendiung transcription request, transcribe_count: 1
2025-10-13 19:24:47.515 - RealTimeSTT: realtimestt - DEBUG - Receive from parent_transcription_pipe after sendiung transcription request, transcribe_count: 1
2025-10-13 19:24:47.567 - RealTimeSTT: realtimestt - INFO - State changed from 'inactive' to 'transcribing'
2025-10-13 19:24:47.567 - RealTimeSTT: realtimestt - INFO - State changed from 'inactive' to 'transcribing'
2025-10-13 19:24:47.572 - RealTimeSTT: realtimestt - DEBUG - Adding transcription request, no early transcription started
2025-10-13 19:24:47.572 - RealTimeSTT: realtimestt - DEBUG - Adding transcription request, no early transcription started
2025-10-13 19:24:47.573 - RealTimeSTT: realtimestt - DEBUG - Receive from parent_transcription_pipe after sendiung transcription request, transcribe_count: 1
2025-10-13 19:24:47.573 - RealTimeSTT: realtimestt - DEBUG - Receive from parent_transcription_pipe after sendiung transcription request, transcribe_count: 1
2025-10-13 19:24:47.611 - RealTimeSTT: realtimestt - INFO - State changed from 'transcribing' to 'inactive'
2025-10-13 19:24:47.611 - RealTimeSTT: realtimestt - INFO - State changed from 'transcribing' to 'inactive'
2025-10-13 19:24:47.619 - RealTimeSTT: realtimestt - DEBUG - Model tiny completed transcription in 0.41 seconds
2025-10-13 19:24:47.619 - RealTimeSTT: realtimestt - DEBUG - Model tiny completed transcription in 0.41 seconds
2025-10-13 19:24:47.673 - RealTimeSTT: realtimestt - DEBUG - Receive from parent_transcription_pipe after sendiung transcription request, transcribe_count: 1
2025-10-13 19:24:47.673 - RealTimeSTT: realtimestt - DEBUG - Receive from parent_transcription_pipe after sendiung transcription request, transcribe_count: 1
2025-10-13 19:24:47.773 - RealTimeSTT: realtimestt - DEBUG - Receive from parent_transcription_pipe after sendiung transcription request, transcribe_count: 1
2025-10-13 19:24:47.773 - RealTimeSTT: realtimestt - DEBUG - Receive from parent_transcription_pipe after sendiung transcription request, transcribe_count: 1
2025-10-13 19:24:47.874 - RealTimeSTT: realtimestt - DEBUG - Receive from parent_transcription_pipe after sendiung transcription request, transcribe_count: 1
2025-10-13 19:24:47.874 - RealTimeSTT: realtimestt - DEBUG - Receive from parent_transcription_pipe after sendiung transcription request, transcribe_count: 1
2025-10-13 19:24:47.974 - RealTimeSTT: realtimestt - DEBUG - Receive from parent_transcription_pipe after sendiung transcription request, transcribe_count: 1
2025-10-13 19:24:47.974 - RealTimeSTT: realtimestt - DEBUG - Receive from parent_transcription_pipe after sendiung transcription request, transcribe_count: 1
2025-10-13 19:24:48.075 - RealTimeSTT: realtimestt - DEBUG - Receive from parent_transcription_pipe after sendiung transcription request, transcribe_count: 1
2025-10-13 19:24:48.075 - RealTimeSTT: realtimestt - DEBUG - Receive from parent_transcription_pipe after sendiung transcription request, transcribe_count: 1
2025-10-13 19:24:48.175 - RealTimeSTT: realtimestt - DEBUG - Receive from parent_transcription_pipe after sendiung transcription request, transcribe_count: 1
2025-10-13 19:24:48.175 - RealTimeSTT: realtimestt - DEBUG - Receive from parent_transcription_pipe after sendiung transcription request, transcribe_count: 1
2025-10-13 19:24:48.276 - RealTimeSTT: realtimestt - DEBUG - Receive from parent_transcription_pipe after sendiung transcription request, transcribe_count: 1
2025-10-13 19:24:48.276 - RealTimeSTT: realtimestt - DEBUG - Receive from parent_transcription_pipe after sendiung transcription request, transcribe_count: 1
2025-10-13 19:24:48.377 - RealTimeSTT: realtimestt - DEBUG - Receive from parent_transcription_pipe after sendiung transcription request, transcribe_count: 1
2025-10-13 19:24:48.377 - RealTimeSTT: realtimestt - DEBUG - Receive from parent_transcription_pipe after sendiung transcription request, transcribe_count: 1
2025-10-13 19:24:48.407 - RealTimeSTT: realtimestt - INFO - State changed from 'transcribing' to 'inactive'
2025-10-13 19:24:48.407 - RealTimeSTT: realtimestt - INFO - State changed from 'transcribing' to 'inactive'
2025-10-13 19:24:48.441 - RealTimeSTT: realtimestt - DEBUG - Model base completed transcription in 0.87 seconds
2025-10-13 19:24:48.441 - RealTimeSTT: realtimestt - DEBUG - Model base completed transcription in 0.87 seconds
2025-10-13 19:24:50.410 - RealTimeSTT: realtimestt - INFO - Setting listen time
2025-10-13 19:24:50.410 - RealTimeSTT: realtimestt - INFO - Setting listen time
2025-10-13 19:24:50.410 - RealTimeSTT: realtimestt - INFO - State changed from 'inactive' to 'listening'
2025-10-13 19:24:50.410 - RealTimeSTT: realtimestt - INFO - State changed from 'inactive' to 'listening'
2025-10-13 19:24:50.415 - RealTimeSTT: realtimestt - DEBUG - Waiting for recording start
2025-10-13 19:24:50.415 - RealTimeSTT: realtimestt - DEBUG - Waiting for recording start
2025-10-13 19:25:03.136 - RealTimeSTT: realtimestt - INFO - voice activity detected
2025-10-13 19:25:03.136 - RealTimeSTT: realtimestt - INFO - voice activity detected
2025-10-13 19:25:03.136 - RealTimeSTT: realtimestt - INFO - recording started
2025-10-13 19:25:03.136 - RealTimeSTT: realtimestt - INFO - recording started
2025-10-13 19:25:03.136 - RealTimeSTT: realtimestt - INFO - State changed from 'listening' to 'recording'
2025-10-13 19:25:03.136 - RealTimeSTT: realtimestt - INFO - State changed from 'listening' to 'recording'
2025-10-13 19:25:03.136 - RealTimeSTT: realtimestt - DEBUG - Waiting for recording stop
2025-10-13 19:25:03.136 - RealTimeSTT: realtimestt - DEBUG - Waiting for recording stop
2025-10-13 19:25:03.154 - RealTimeSTT: realtimestt - DEBUG - Current realtime buffer size: 16896
2025-10-13 19:25:03.154 - RealTimeSTT: realtimestt - DEBUG - Current realtime buffer size: 16896
2025-10-13 19:25:03.678 - RealTimeSTT: realtimestt - DEBUG - Realtime text detected:  Kiana.
2025-10-13 19:25:03.678 - RealTimeSTT: realtimestt - DEBUG - Realtime text detected:  Kiana.
2025-10-13 19:25:03.768 - RealTimeSTT: realtimestt - DEBUG - Current realtime buffer size: 27136
2025-10-13 19:25:03.768 - RealTimeSTT: realtimestt - DEBUG - Current realtime buffer size: 27136
2025-10-13 19:25:04.137 - RealTimeSTT: realtimestt - DEBUG - Realtime text detected:  Can I?
2025-10-13 19:25:04.137 - RealTimeSTT: realtimestt - DEBUG - Realtime text detected:  Can I?
2025-10-13 19:25:04.343 - RealTimeSTT: realtimestt - INFO - recording stopped
2025-10-13 19:25:04.343 - RealTimeSTT: realtimestt - INFO - recording stopped
2025-10-13 19:25:04.344 - RealTimeSTT: realtimestt - DEBUG - No samples removed, final audio length: 35840
2025-10-13 19:25:04.344 - RealTimeSTT: realtimestt - DEBUG - No samples removed, final audio length: 35840
2025-10-13 19:25:04.344 - RealTimeSTT: realtimestt - INFO - State changed from 'recording' to 'inactive'
2025-10-13 19:25:04.344 - RealTimeSTT: realtimestt - INFO - State changed from 'recording' to 'inactive'
2025-10-13 19:25:04.410 - RealTimeSTT: realtimestt - INFO - State changed from 'inactive' to 'transcribing'
2025-10-13 19:25:04.410 - RealTimeSTT: realtimestt - INFO - State changed from 'inactive' to 'transcribing'
2025-10-13 19:25:04.418 - RealTimeSTT: realtimestt - DEBUG - Adding transcription request, no early transcription started
2025-10-13 19:25:04.418 - RealTimeSTT: realtimestt - DEBUG - Adding transcription request, no early transcription started
2025-10-13 19:25:04.436 - RealTimeSTT: realtimestt - DEBUG - Receive from parent_transcription_pipe after sendiung transcription request, transcribe_count: 1
2025-10-13 19:25:04.436 - RealTimeSTT: realtimestt - DEBUG - Receive from parent_transcription_pipe after sendiung transcription request, transcribe_count: 1
2025-10-13 19:25:04.537 - RealTimeSTT: realtimestt - DEBUG - Receive from parent_transcription_pipe after sendiung transcription request, transcribe_count: 1
2025-10-13 19:25:04.537 - RealTimeSTT: realtimestt - DEBUG - Receive from parent_transcription_pipe after sendiung transcription request, transcribe_count: 1
2025-10-13 19:25:04.638 - RealTimeSTT: realtimestt - DEBUG - Receive from parent_transcription_pipe after sendiung transcription request, transcribe_count: 1
2025-10-13 19:25:04.638 - RealTimeSTT: realtimestt - DEBUG - Receive from parent_transcription_pipe after sendiung transcription request, transcribe_count: 1
2025-10-13 19:25:04.741 - RealTimeSTT: realtimestt - DEBUG - Receive from parent_transcription_pipe after sendiung transcription request, transcribe_count: 1
2025-10-13 19:25:04.741 - RealTimeSTT: realtimestt - DEBUG - Receive from parent_transcription_pipe after sendiung transcription request, transcribe_count: 1
2025-10-13 19:25:04.807 - RealTimeSTT: realtimestt - INFO - State changed from 'transcribing' to 'inactive'
2025-10-13 19:25:04.807 - RealTimeSTT: realtimestt - INFO - State changed from 'transcribing' to 'inactive'
2025-10-13 19:25:04.827 - RealTimeSTT: realtimestt - DEBUG - Model tiny completed transcription in 0.41 seconds
2025-10-13 19:25:04.827 - RealTimeSTT: realtimestt - DEBUG - Model tiny completed transcription in 0.41 seconds
2025-10-13 19:25:04.865 - RealTimeSTT: realtimestt - INFO - Setting listen time
2025-10-13 19:25:04.865 - RealTimeSTT: realtimestt - INFO - Setting listen time
2025-10-13 19:25:04.865 - RealTimeSTT: realtimestt - INFO - State changed from 'inactive' to 'listening'
2025-10-13 19:25:04.865 - RealTimeSTT: realtimestt - INFO - State changed from 'inactive' to 'listening'
2025-10-13 19:25:04.870 - RealTimeSTT: realtimestt - DEBUG - Waiting for recording start
2025-10-13 19:25:04.870 - RealTimeSTT: realtimestt - DEBUG - Waiting for recording start
2025-10-13 19:25:04.976 - RealTimeSTT: realtimestt - INFO - voice activity detected
2025-10-13 19:25:04.976 - RealTimeSTT: realtimestt - INFO - voice activity detected
2025-10-13 19:25:04.976 - RealTimeSTT: realtimestt - INFO - recording started
2025-10-13 19:25:04.976 - RealTimeSTT: realtimestt - INFO - recording started
2025-10-13 19:25:04.976 - RealTimeSTT: realtimestt - INFO - State changed from 'listening' to 'recording'
2025-10-13 19:25:04.976 - RealTimeSTT: realtimestt - INFO - State changed from 'listening' to 'recording'
2025-10-13 19:25:04.976 - RealTimeSTT: realtimestt - DEBUG - Waiting for recording stop
2025-10-13 19:25:04.976 - RealTimeSTT: realtimestt - DEBUG - Waiting for recording stop
2025-10-13 19:25:04.993 - RealTimeSTT: realtimestt - DEBUG - Current realtime buffer size: 16896
2025-10-13 19:25:04.993 - RealTimeSTT: realtimestt - DEBUG - Current realtime buffer size: 16896
2025-10-13 19:25:05.340 - RealTimeSTT: realtimestt - DEBUG - Realtime text detected:  Okay.
2025-10-13 19:25:05.340 - RealTimeSTT: realtimestt - DEBUG - Realtime text detected:  Okay.
2025-10-13 19:25:05.342 - RealTimeSTT: realtimestt - DEBUG - Current realtime buffer size: 22016
2025-10-13 19:25:05.342 - RealTimeSTT: realtimestt - DEBUG - Current realtime buffer size: 22016
2025-10-13 19:25:05.766 - RealTimeSTT: realtimestt - DEBUG - Realtime text detected:  You can
2025-10-13 19:25:05.766 - RealTimeSTT: realtimestt - DEBUG - Realtime text detected:  You can
2025-10-13 19:25:05.766 - RealTimeSTT: realtimestt - DEBUG - Current realtime buffer size: 29184
2025-10-13 19:25:05.766 - RealTimeSTT: realtimestt - DEBUG - Current realtime buffer size: 29184
2025-10-13 19:25:06.138 - RealTimeSTT: realtimestt - DEBUG - Realtime text detected:  Can I know?
2025-10-13 19:25:06.138 - RealTimeSTT: realtimestt - DEBUG - Realtime text detected:  Can I know?
2025-10-13 19:25:06.138 - RealTimeSTT: realtimestt - DEBUG - Current realtime buffer size: 35328
2025-10-13 19:25:06.138 - RealTimeSTT: realtimestt - DEBUG - Current realtime buffer size: 35328
2025-10-13 19:25:06.479 - RealTimeSTT: realtimestt - DEBUG - Realtime text detected:  Can I know the...
2025-10-13 19:25:06.479 - RealTimeSTT: realtimestt - DEBUG - Realtime text detected:  Can I know the...
2025-10-13 19:25:06.480 - RealTimeSTT: realtimestt - DEBUG - Current realtime buffer size: 40448
2025-10-13 19:25:06.480 - RealTimeSTT: realtimestt - DEBUG - Current realtime buffer size: 40448
2025-10-13 19:25:06.814 - RealTimeSTT: realtimestt - DEBUG - Realtime text detected:  Can I know the value?
2025-10-13 19:25:06.814 - RealTimeSTT: realtimestt - DEBUG - Realtime text detected:  Can I know the value?
2025-10-13 19:25:07.343 - RealTimeSTT: realtimestt - INFO - recording stopped
2025-10-13 19:25:07.343 - RealTimeSTT: realtimestt - INFO - recording stopped
2025-10-13 19:25:07.344 - RealTimeSTT: realtimestt - DEBUG - No samples removed, final audio length: 54272
2025-10-13 19:25:07.344 - RealTimeSTT: realtimestt - DEBUG - No samples removed, final audio length: 54272
2025-10-13 19:25:07.344 - RealTimeSTT: realtimestt - INFO - State changed from 'recording' to 'inactive'
2025-10-13 19:25:07.344 - RealTimeSTT: realtimestt - INFO - State changed from 'recording' to 'inactive'
2025-10-13 19:25:07.441 - RealTimeSTT: realtimestt - INFO - State changed from 'inactive' to 'transcribing'
2025-10-13 19:25:07.441 - RealTimeSTT: realtimestt - INFO - State changed from 'inactive' to 'transcribing'
2025-10-13 19:25:07.443 - RealTimeSTT: realtimestt - DEBUG - Adding transcription request, no early transcription started
2025-10-13 19:25:07.443 - RealTimeSTT: realtimestt - DEBUG - Adding transcription request, no early transcription started
2025-10-13 19:25:07.453 - RealTimeSTT: realtimestt - DEBUG - Receive from parent_transcription_pipe after sendiung transcription request, transcribe_count: 1
2025-10-13 19:25:07.453 - RealTimeSTT: realtimestt - DEBUG - Receive from parent_transcription_pipe after sendiung transcription request, transcribe_count: 1
2025-10-13 19:25:07.554 - RealTimeSTT: realtimestt - DEBUG - Receive from parent_transcription_pipe after sendiung transcription request, transcribe_count: 1
2025-10-13 19:25:07.554 - RealTimeSTT: realtimestt - DEBUG - Receive from parent_transcription_pipe after sendiung transcription request, transcribe_count: 1
2025-10-13 19:25:07.655 - RealTimeSTT: realtimestt - DEBUG - Receive from parent_transcription_pipe after sendiung transcription request, transcribe_count: 1
2025-10-13 19:25:07.655 - RealTimeSTT: realtimestt - DEBUG - Receive from parent_transcription_pipe after sendiung transcription request, transcribe_count: 1
2025-10-13 19:25:07.756 - RealTimeSTT: realtimestt - DEBUG - Receive from parent_transcription_pipe after sendiung transcription request, transcribe_count: 1
2025-10-13 19:25:07.756 - RealTimeSTT: realtimestt - DEBUG - Receive from parent_transcription_pipe after sendiung transcription request, transcribe_count: 1
2025-10-13 19:25:07.856 - RealTimeSTT: realtimestt - DEBUG - Receive from parent_transcription_pipe after sendiung transcription request, transcribe_count: 1
2025-10-13 19:25:07.856 - RealTimeSTT: realtimestt - DEBUG - Receive from parent_transcription_pipe after sendiung transcription request, transcribe_count: 1
2025-10-13 19:25:07.957 - RealTimeSTT: realtimestt - DEBUG - Receive from parent_transcription_pipe after sendiung transcription request, transcribe_count: 1
2025-10-13 19:25:07.957 - RealTimeSTT: realtimestt - DEBUG - Receive from parent_transcription_pipe after sendiung transcription request, transcribe_count: 1
2025-10-13 19:25:08.058 - RealTimeSTT: realtimestt - DEBUG - Receive from parent_transcription_pipe after sendiung transcription request, transcribe_count: 1
2025-10-13 19:25:08.058 - RealTimeSTT: realtimestt - DEBUG - Receive from parent_transcription_pipe after sendiung transcription request, transcribe_count: 1
2025-10-13 19:25:08.159 - RealTimeSTT: realtimestt - DEBUG - Receive from parent_transcription_pipe after sendiung transcription request, transcribe_count: 1
2025-10-13 19:25:08.159 - RealTimeSTT: realtimestt - DEBUG - Receive from parent_transcription_pipe after sendiung transcription request, transcribe_count: 1
2025-10-13 19:25:08.218 - RealTimeSTT: realtimestt - INFO - State changed from 'transcribing' to 'inactive'
2025-10-13 19:25:08.218 - RealTimeSTT: realtimestt - INFO - State changed from 'transcribing' to 'inactive'
2025-10-13 19:25:08.256 - RealTimeSTT: realtimestt - DEBUG - Model base completed transcription in 0.81 seconds
2025-10-13 19:25:08.256 - RealTimeSTT: realtimestt - DEBUG - Model base completed transcription in 0.81 seconds
2025-10-13 19:25:10.808 - RealTimeSTT: realtimestt - INFO - Setting listen time
2025-10-13 19:25:10.808 - RealTimeSTT: realtimestt - INFO - Setting listen time
2025-10-13 19:25:10.809 - RealTimeSTT: realtimestt - INFO - State changed from 'inactive' to 'listening'
2025-10-13 19:25:10.809 - RealTimeSTT: realtimestt - INFO - State changed from 'inactive' to 'listening'
2025-10-13 19:25:10.812 - RealTimeSTT: realtimestt - DEBUG - Waiting for recording start
2025-10-13 19:25:10.812 - RealTimeSTT: realtimestt - DEBUG - Waiting for recording start
2025-10-13 19:25:21.240 - RealTimeSTT: realtimestt - INFO - voice activity detected
2025-10-13 19:25:21.240 - RealTimeSTT: realtimestt - INFO - voice activity detected
2025-10-13 19:25:21.240 - RealTimeSTT: realtimestt - INFO - recording started
2025-10-13 19:25:21.240 - RealTimeSTT: realtimestt - INFO - recording started
2025-10-13 19:25:21.240 - RealTimeSTT: realtimestt - INFO - State changed from 'listening' to 'recording'
2025-10-13 19:25:21.240 - RealTimeSTT: realtimestt - INFO - State changed from 'listening' to 'recording'
2025-10-13 19:25:21.240 - RealTimeSTT: realtimestt - DEBUG - Current realtime buffer size: 15872
2025-10-13 19:25:21.240 - RealTimeSTT: realtimestt - DEBUG - Current realtime buffer size: 15872
2025-10-13 19:25:21.240 - RealTimeSTT: realtimestt - DEBUG - Waiting for recording stop
2025-10-13 19:25:21.240 - RealTimeSTT: realtimestt - DEBUG - Waiting for recording stop
2025-10-13 19:25:21.608 - RealTimeSTT: realtimestt - DEBUG - Realtime text detected:  Hey.
2025-10-13 19:25:21.608 - RealTimeSTT: realtimestt - DEBUG - Realtime text detected:  Hey.
2025-10-13 19:25:21.608 - RealTimeSTT: realtimestt - DEBUG - Current realtime buffer size: 22016
2025-10-13 19:25:21.608 - RealTimeSTT: realtimestt - DEBUG - Current realtime buffer size: 22016
2025-10-13 19:25:21.967 - RealTimeSTT: realtimestt - DEBUG - Realtime text detected:  End of the quote
2025-10-13 19:25:21.967 - RealTimeSTT: realtimestt - DEBUG - Realtime text detected:  End of the quote
2025-10-13 19:25:22.128 - RealTimeSTT: realtimestt - INFO - recording stopped
2025-10-13 19:25:22.128 - RealTimeSTT: realtimestt - INFO - recording stopped
2025-10-13 19:25:22.129 - RealTimeSTT: realtimestt - DEBUG - No samples removed, final audio length: 30720
2025-10-13 19:25:22.129 - RealTimeSTT: realtimestt - DEBUG - No samples removed, final audio length: 30720
2025-10-13 19:25:22.129 - RealTimeSTT: realtimestt - INFO - State changed from 'recording' to 'inactive'
2025-10-13 19:25:22.129 - RealTimeSTT: realtimestt - INFO - State changed from 'recording' to 'inactive'
2025-10-13 19:25:22.169 - RealTimeSTT: realtimestt - INFO - State changed from 'inactive' to 'transcribing'
2025-10-13 19:25:22.169 - RealTimeSTT: realtimestt - INFO - State changed from 'inactive' to 'transcribing'
2025-10-13 19:25:22.172 - RealTimeSTT: realtimestt - DEBUG - Adding transcription request, no early transcription started
2025-10-13 19:25:22.172 - RealTimeSTT: realtimestt - DEBUG - Adding transcription request, no early transcription started
2025-10-13 19:25:22.173 - RealTimeSTT: realtimestt - DEBUG - Receive from parent_transcription_pipe after sendiung transcription request, transcribe_count: 1
2025-10-13 19:25:22.173 - RealTimeSTT: realtimestt - DEBUG - Receive from parent_transcription_pipe after sendiung transcription request, transcribe_count: 1
2025-10-13 19:25:22.274 - RealTimeSTT: realtimestt - DEBUG - Receive from parent_transcription_pipe after sendiung transcription request, transcribe_count: 1
2025-10-13 19:25:22.274 - RealTimeSTT: realtimestt - DEBUG - Receive from parent_transcription_pipe after sendiung transcription request, transcribe_count: 1
2025-10-13 19:25:22.376 - RealTimeSTT: realtimestt - DEBUG - Receive from parent_transcription_pipe after sendiung transcription request, transcribe_count: 1
2025-10-13 19:25:22.376 - RealTimeSTT: realtimestt - DEBUG - Receive from parent_transcription_pipe after sendiung transcription request, transcribe_count: 1
2025-10-13 19:25:22.478 - RealTimeSTT: realtimestt - DEBUG - Receive from parent_transcription_pipe after sendiung transcription request, transcribe_count: 1
2025-10-13 19:25:22.478 - RealTimeSTT: realtimestt - DEBUG - Receive from parent_transcription_pipe after sendiung transcription request, transcribe_count: 1
2025-10-13 19:25:22.579 - RealTimeSTT: realtimestt - DEBUG - Receive from parent_transcription_pipe after sendiung transcription request, transcribe_count: 1
2025-10-13 19:25:22.579 - RealTimeSTT: realtimestt - DEBUG - Receive from parent_transcription_pipe after sendiung transcription request, transcribe_count: 1
2025-10-13 19:25:22.586 - RealTimeSTT: realtimestt - INFO - State changed from 'transcribing' to 'inactive'
2025-10-13 19:25:22.586 - RealTimeSTT: realtimestt - INFO - State changed from 'transcribing' to 'inactive'
2025-10-13 19:25:22.631 - RealTimeSTT: realtimestt - DEBUG - Model tiny completed transcription in 0.46 seconds
2025-10-13 19:25:22.631 - RealTimeSTT: realtimestt - DEBUG - Model tiny completed transcription in 0.46 seconds
2025-10-13 19:25:22.660 - RealTimeSTT: realtimestt - INFO - Setting listen time
2025-10-13 19:25:22.660 - RealTimeSTT: realtimestt - INFO - Setting listen time
2025-10-13 19:25:22.660 - RealTimeSTT: realtimestt - INFO - State changed from 'inactive' to 'listening'
2025-10-13 19:25:22.660 - RealTimeSTT: realtimestt - INFO - State changed from 'inactive' to 'listening'
2025-10-13 19:25:22.665 - RealTimeSTT: realtimestt - DEBUG - Waiting for recording start
2025-10-13 19:25:22.665 - RealTimeSTT: realtimestt - DEBUG - Waiting for recording start
2025-10-13 19:25:27.776 - RealTimeSTT: realtimestt - INFO - voice activity detected
2025-10-13 19:25:27.776 - RealTimeSTT: realtimestt - INFO - voice activity detected
2025-10-13 19:25:27.776 - RealTimeSTT: realtimestt - INFO - recording started
2025-10-13 19:25:27.776 - RealTimeSTT: realtimestt - INFO - recording started
2025-10-13 19:25:27.776 - RealTimeSTT: realtimestt - INFO - State changed from 'listening' to 'recording'
2025-10-13 19:25:27.776 - RealTimeSTT: realtimestt - INFO - State changed from 'listening' to 'recording'
2025-10-13 19:25:27.776 - RealTimeSTT: realtimestt - DEBUG - Waiting for recording stop
2025-10-13 19:25:27.776 - RealTimeSTT: realtimestt - DEBUG - Waiting for recording stop
2025-10-13 19:25:27.779 - RealTimeSTT: realtimestt - DEBUG - Current realtime buffer size: 16896
2025-10-13 19:25:27.779 - RealTimeSTT: realtimestt - DEBUG - Current realtime buffer size: 16896
2025-10-13 19:25:28.173 - RealTimeSTT: realtimestt - DEBUG - Realtime text detected:  And...
2025-10-13 19:25:28.173 - RealTimeSTT: realtimestt - DEBUG - Realtime text detected:  And...
2025-10-13 19:25:28.174 - RealTimeSTT: realtimestt - DEBUG - Current realtime buffer size: 23040
2025-10-13 19:25:28.174 - RealTimeSTT: realtimestt - DEBUG - Current realtime buffer size: 23040
2025-10-13 19:25:28.505 - RealTimeSTT: realtimestt - DEBUG - Realtime text detected:  End call.
2025-10-13 19:25:28.505 - RealTimeSTT: realtimestt - DEBUG - Realtime text detected:  End call.
2025-10-13 19:25:28.927 - RealTimeSTT: realtimestt - INFO - recording stopped
2025-10-13 19:25:28.927 - RealTimeSTT: realtimestt - INFO - recording stopped
2025-10-13 19:25:28.929 - RealTimeSTT: realtimestt - DEBUG - No samples removed, final audio length: 34816
2025-10-13 19:25:28.929 - RealTimeSTT: realtimestt - DEBUG - No samples removed, final audio length: 34816
2025-10-13 19:25:28.929 - RealTimeSTT: realtimestt - INFO - State changed from 'recording' to 'inactive'
2025-10-13 19:25:28.929 - RealTimeSTT: realtimestt - INFO - State changed from 'recording' to 'inactive'
2025-10-13 19:25:28.936 - RealTimeSTT: realtimestt - INFO - State changed from 'inactive' to 'transcribing'
2025-10-13 19:25:28.936 - RealTimeSTT: realtimestt - INFO - State changed from 'inactive' to 'transcribing'
2025-10-13 19:25:28.941 - RealTimeSTT: realtimestt - DEBUG - Adding transcription request, no early transcription started
2025-10-13 19:25:28.941 - RealTimeSTT: realtimestt - DEBUG - Adding transcription request, no early transcription started
2025-10-13 19:25:28.943 - RealTimeSTT: realtimestt - DEBUG - Receive from parent_transcription_pipe after sendiung transcription request, transcribe_count: 1
2025-10-13 19:25:28.943 - RealTimeSTT: realtimestt - DEBUG - Receive from parent_transcription_pipe after sendiung transcription request, transcribe_count: 1
2025-10-13 19:25:29.045 - RealTimeSTT: realtimestt - DEBUG - Receive from parent_transcription_pipe after sendiung transcription request, transcribe_count: 1
2025-10-13 19:25:29.045 - RealTimeSTT: realtimestt - DEBUG - Receive from parent_transcription_pipe after sendiung transcription request, transcribe_count: 1
2025-10-13 19:25:29.146 - RealTimeSTT: realtimestt - DEBUG - Receive from parent_transcription_pipe after sendiung transcription request, transcribe_count: 1
2025-10-13 19:25:29.146 - RealTimeSTT: realtimestt - DEBUG - Receive from parent_transcription_pipe after sendiung transcription request, transcribe_count: 1
2025-10-13 19:25:29.247 - RealTimeSTT: realtimestt - DEBUG - Receive from parent_transcription_pipe after sendiung transcription request, transcribe_count: 1
2025-10-13 19:25:29.247 - RealTimeSTT: realtimestt - DEBUG - Receive from parent_transcription_pipe after sendiung transcription request, transcribe_count: 1
2025-10-13 19:25:29.349 - RealTimeSTT: realtimestt - DEBUG - Receive from parent_transcription_pipe after sendiung transcription request, transcribe_count: 1
2025-10-13 19:25:29.349 - RealTimeSTT: realtimestt - DEBUG - Receive from parent_transcription_pipe after sendiung transcription request, transcribe_count: 1
2025-10-13 19:25:29.449 - RealTimeSTT: realtimestt - DEBUG - Receive from parent_transcription_pipe after sendiung transcription request, transcribe_count: 1
2025-10-13 19:25:29.449 - RealTimeSTT: realtimestt - DEBUG - Receive from parent_transcription_pipe after sendiung transcription request, transcribe_count: 1
2025-10-13 19:25:29.550 - RealTimeSTT: realtimestt - DEBUG - Receive from parent_transcription_pipe after sendiung transcription request, transcribe_count: 1
2025-10-13 19:25:29.550 - RealTimeSTT: realtimestt - DEBUG - Receive from parent_transcription_pipe after sendiung transcription request, transcribe_count: 1
2025-10-13 19:25:29.650 - RealTimeSTT: realtimestt - DEBUG - Receive from parent_transcription_pipe after sendiung transcription request, transcribe_count: 1
2025-10-13 19:25:29.650 - RealTimeSTT: realtimestt - DEBUG - Receive from parent_transcription_pipe after sendiung transcription request, transcribe_count: 1
2025-10-13 19:25:29.702 - RealTimeSTT: realtimestt - INFO - State changed from 'transcribing' to 'inactive'
2025-10-13 19:25:29.702 - RealTimeSTT: realtimestt - INFO - State changed from 'transcribing' to 'inactive'
2025-10-13 19:25:29.706 - RealTimeSTT: realtimestt - DEBUG - Model base completed transcription in 0.76 seconds
2025-10-13 19:25:29.706 - RealTimeSTT: realtimestt - DEBUG - Model base completed transcription in 0.76 seconds
2025-10-13 19:25:31.901 - RealTimeSTT: realtimestt - INFO - Setting listen time
2025-10-13 19:25:31.901 - RealTimeSTT: realtimestt - INFO - Setting listen time
2025-10-13 19:25:31.902 - RealTimeSTT: realtimestt - INFO - State changed from 'inactive' to 'listening'
2025-10-13 19:25:31.902 - RealTimeSTT: realtimestt - INFO - State changed from 'inactive' to 'listening'
2025-10-13 19:25:31.906 - RealTimeSTT: realtimestt - DEBUG - Waiting for recording start
2025-10-13 19:25:31.906 - RealTimeSTT: realtimestt - DEBUG - Waiting for recording start
2025-10-13 19:25:36.136 - RealTimeSTT: realtimestt - DEBUG - Receive from stdout pipe
2025-10-13 19:25:36.136 - RealTimeSTT: realtimestt - DEBUG - Receive from stdout pipe
2025-10-13 19:25:36.137 - RealTimeSTT: realtimestt - DEBUG - Receive from stdout pipe
2025-10-13 19:25:36.137 - RealTimeSTT: realtimestt - DEBUG - Receive from stdout pipe
2025-10-13 19:25:36.137 - RealTimeSTT: realtimestt - INFO - None
2025-10-13 19:25:36.137 - RealTimeSTT: realtimestt - INFO - None
2025-10-13 19:25:36.138 - RealTimeSTT: realtimestt - INFO - None
2025-10-13 19:25:36.138 - RealTimeSTT: realtimestt - INFO - None
2025-10-13 19:25:36.149 - RealTimeSTT: realtimestt - DEBUG - No samples removed, final audio length: 0
2025-10-13 19:25:36.149 - RealTimeSTT: realtimestt - DEBUG - No samples removed, final audio length: 0
2025-10-13 19:25:36.149 - RealTimeSTT: realtimestt - INFO - State changed from 'listening' to 'inactive'
2025-10-13 19:25:36.149 - RealTimeSTT: realtimestt - INFO - State changed from 'listening' to 'inactive'
2025-10-13 19:26:42.134 - RealTimeSTT: realtimestt - INFO - Starting RealTimeSTT
2025-10-13 19:26:42.176 - RealTimeSTT: realtimestt - INFO - Initializing audio recording (creating pyAudio input stream, sample rate: 16000 buffer size: 512
2025-10-13 19:26:42.199 - RealTimeSTT: realtimestt - INFO - Initializing faster_whisper realtime transcription model tiny, default device: cpu, compute type: int8, device index: 0, download root: None
2025-10-13 19:26:45.170 - RealTimeSTT: realtimestt - DEBUG - Faster_whisper realtime speech to text transcription model initialized successfully
2025-10-13 19:26:45.170 - RealTimeSTT: realtimestt - INFO - Initializing WebRTC voice with Sensitivity 3
2025-10-13 19:26:45.170 - RealTimeSTT: realtimestt - DEBUG - WebRTC VAD voice activity detection engine initialized successfully
2025-10-13 19:26:46.098 - RealTimeSTT: realtimestt - DEBUG - Silero VAD voice activity detection engine initialized successfully
2025-10-13 19:26:46.100 - RealTimeSTT: realtimestt - DEBUG - Starting realtime worker
2025-10-13 19:26:46.100 - RealTimeSTT: realtimestt - DEBUG - Waiting for main transcription model to start
2025-10-13 19:26:51.707 - RealTimeSTT: realtimestt - DEBUG - Main transcription model ready
2025-10-13 19:26:51.709 - RealTimeSTT: realtimestt - DEBUG - RealtimeSTT initialization completed successfully
2025-10-13 19:26:51.709 - RealTimeSTT: realtimestt - INFO - Starting RealTimeSTT
2025-10-13 19:26:51.709 - RealTimeSTT: realtimestt - INFO - Starting RealTimeSTT
2025-10-13 19:26:51.748 - RealTimeSTT: realtimestt - INFO - Initializing audio recording (creating pyAudio input stream, sample rate: 16000 buffer size: 512
2025-10-13 19:26:51.748 - RealTimeSTT: realtimestt - INFO - Initializing audio recording (creating pyAudio input stream, sample rate: 16000 buffer size: 512
2025-10-13 19:26:51.812 - RealTimeSTT: realtimestt - INFO - Initializing faster_whisper realtime transcription model tiny, default device: cpu, compute type: int8, device index: 0, download root: None
2025-10-13 19:26:51.812 - RealTimeSTT: realtimestt - INFO - Initializing faster_whisper realtime transcription model tiny, default device: cpu, compute type: int8, device index: 0, download root: None
2025-10-13 19:26:53.050 - RealTimeSTT: realtimestt - DEBUG - Faster_whisper realtime speech to text transcription model initialized successfully
2025-10-13 19:26:53.050 - RealTimeSTT: realtimestt - DEBUG - Faster_whisper realtime speech to text transcription model initialized successfully
2025-10-13 19:26:53.050 - RealTimeSTT: realtimestt - INFO - Initializing WebRTC voice with Sensitivity 3
2025-10-13 19:26:53.050 - RealTimeSTT: realtimestt - INFO - Initializing WebRTC voice with Sensitivity 3
2025-10-13 19:26:53.050 - RealTimeSTT: realtimestt - DEBUG - WebRTC VAD voice activity detection engine initialized successfully
2025-10-13 19:26:53.050 - RealTimeSTT: realtimestt - DEBUG - WebRTC VAD voice activity detection engine initialized successfully
2025-10-13 19:26:53.338 - RealTimeSTT: realtimestt - DEBUG - Silero VAD voice activity detection engine initialized successfully
2025-10-13 19:26:53.338 - RealTimeSTT: realtimestt - DEBUG - Silero VAD voice activity detection engine initialized successfully
2025-10-13 19:26:53.342 - RealTimeSTT: realtimestt - DEBUG - Starting realtime worker
2025-10-13 19:26:53.342 - RealTimeSTT: realtimestt - DEBUG - Starting realtime worker
2025-10-13 19:26:53.342 - RealTimeSTT: realtimestt - DEBUG - Waiting for main transcription model to start
2025-10-13 19:26:53.342 - RealTimeSTT: realtimestt - DEBUG - Waiting for main transcription model to start
2025-10-13 19:27:06.123 - RealTimeSTT: realtimestt - DEBUG - Main transcription model ready
2025-10-13 19:27:06.123 - RealTimeSTT: realtimestt - DEBUG - Main transcription model ready
2025-10-13 19:27:06.125 - RealTimeSTT: realtimestt - DEBUG - RealtimeSTT initialization completed successfully
2025-10-13 19:27:06.125 - RealTimeSTT: realtimestt - DEBUG - RealtimeSTT initialization completed successfully
2025-10-13 19:27:06.129 - RealTimeSTT: realtimestt - INFO - Setting listen time
2025-10-13 19:27:06.129 - RealTimeSTT: realtimestt - INFO - Setting listen time
2025-10-13 19:27:06.130 - RealTimeSTT: realtimestt - INFO - State changed from 'inactive' to 'listening'
2025-10-13 19:27:06.130 - RealTimeSTT: realtimestt - INFO - State changed from 'inactive' to 'listening'
2025-10-13 19:27:06.135 - RealTimeSTT: realtimestt - INFO - Setting listen time
2025-10-13 19:27:06.135 - RealTimeSTT: realtimestt - INFO - Setting listen time
2025-10-13 19:27:06.136 - RealTimeSTT: realtimestt - INFO - State changed from 'inactive' to 'listening'
2025-10-13 19:27:06.136 - RealTimeSTT: realtimestt - INFO - State changed from 'inactive' to 'listening'
2025-10-13 19:27:06.144 - RealTimeSTT: realtimestt - DEBUG - Waiting for recording start
2025-10-13 19:27:06.144 - RealTimeSTT: realtimestt - DEBUG - Waiting for recording start
2025-10-13 19:27:06.145 - RealTimeSTT: realtimestt - DEBUG - Waiting for recording start
2025-10-13 19:27:06.145 - RealTimeSTT: realtimestt - DEBUG - Waiting for recording start
2025-10-13 19:27:13.932 - RealTimeSTT: realtimestt - INFO - voice activity detected
2025-10-13 19:27:13.932 - RealTimeSTT: realtimestt - INFO - voice activity detected
2025-10-13 19:27:13.932 - RealTimeSTT: realtimestt - INFO - recording started
2025-10-13 19:27:13.932 - RealTimeSTT: realtimestt - INFO - recording started
2025-10-13 19:27:13.932 - RealTimeSTT: realtimestt - INFO - State changed from 'listening' to 'recording'
2025-10-13 19:27:13.932 - RealTimeSTT: realtimestt - INFO - State changed from 'listening' to 'recording'
2025-10-13 19:27:13.933 - RealTimeSTT: realtimestt - DEBUG - Waiting for recording stop
2025-10-13 19:27:13.933 - RealTimeSTT: realtimestt - DEBUG - Waiting for recording stop
2025-10-13 19:27:13.945 - RealTimeSTT: realtimestt - DEBUG - Current realtime buffer size: 16896
2025-10-13 19:27:13.945 - RealTimeSTT: realtimestt - DEBUG - Current realtime buffer size: 16896
2025-10-13 19:27:14.283 - RealTimeSTT: realtimestt - DEBUG - Realtime text detected:  Can I know?
2025-10-13 19:27:14.283 - RealTimeSTT: realtimestt - DEBUG - Realtime text detected:  Can I know?
2025-10-13 19:27:14.283 - RealTimeSTT: realtimestt - DEBUG - Current realtime buffer size: 22016
2025-10-13 19:27:14.283 - RealTimeSTT: realtimestt - DEBUG - Current realtime buffer size: 22016
2025-10-13 19:27:14.616 - RealTimeSTT: realtimestt - DEBUG - Realtime text detected:  Can I know the value?
2025-10-13 19:27:14.616 - RealTimeSTT: realtimestt - DEBUG - Realtime text detected:  Can I know the value?
2025-10-13 19:27:14.617 - RealTimeSTT: realtimestt - DEBUG - Current realtime buffer size: 27136
2025-10-13 19:27:14.617 - RealTimeSTT: realtimestt - DEBUG - Current realtime buffer size: 27136
2025-10-13 19:27:14.972 - RealTimeSTT: realtimestt - DEBUG - Realtime text detected:  Can I know the value?
2025-10-13 19:27:14.972 - RealTimeSTT: realtimestt - DEBUG - Realtime text detected:  Can I know the value?
2025-10-13 19:27:14.972 - RealTimeSTT: realtimestt - DEBUG - Current realtime buffer size: 33280
2025-10-13 19:27:14.972 - RealTimeSTT: realtimestt - DEBUG - Current realtime buffer size: 33280
2025-10-13 19:27:15.334 - RealTimeSTT: realtimestt - DEBUG - Realtime text detected:  Can I know the value of the...
2025-10-13 19:27:15.334 - RealTimeSTT: realtimestt - DEBUG - Realtime text detected:  Can I know the value of the...
2025-10-13 19:27:15.334 - RealTimeSTT: realtimestt - DEBUG - Current realtime buffer size: 38400
2025-10-13 19:27:15.334 - RealTimeSTT: realtimestt - DEBUG - Current realtime buffer size: 38400
2025-10-13 19:27:15.694 - RealTimeSTT: realtimestt - DEBUG - Realtime text detected:  Can I know the value of the...
2025-10-13 19:27:15.694 - RealTimeSTT: realtimestt - DEBUG - Realtime text detected:  Can I know the value of the...
2025-10-13 19:27:15.695 - RealTimeSTT: realtimestt - DEBUG - Current realtime buffer size: 44544
2025-10-13 19:27:15.695 - RealTimeSTT: realtimestt - DEBUG - Current realtime buffer size: 44544
2025-10-13 19:27:16.075 - RealTimeSTT: realtimestt - DEBUG - Realtime text detected:  Can I know the value of the ice?
2025-10-13 19:27:16.075 - RealTimeSTT: realtimestt - DEBUG - Realtime text detected:  Can I know the value of the ice?
2025-10-13 19:27:16.076 - RealTimeSTT: realtimestt - DEBUG - Current realtime buffer size: 50688
2025-10-13 19:27:16.076 - RealTimeSTT: realtimestt - DEBUG - Current realtime buffer size: 50688
2025-10-13 19:27:16.407 - RealTimeSTT: realtimestt - DEBUG - Realtime text detected:  Can I know the value of the AI services?
2025-10-13 19:27:16.407 - RealTimeSTT: realtimestt - DEBUG - Realtime text detected:  Can I know the value of the AI services?
2025-10-13 19:27:16.408 - RealTimeSTT: realtimestt - DEBUG - Current realtime buffer size: 55808
2025-10-13 19:27:16.408 - RealTimeSTT: realtimestt - DEBUG - Current realtime buffer size: 55808
2025-10-13 19:27:16.790 - RealTimeSTT: realtimestt - DEBUG - Realtime text detected:  Can I know the value of the AI services program?
2025-10-13 19:27:16.790 - RealTimeSTT: realtimestt - DEBUG - Realtime text detected:  Can I know the value of the AI services program?
2025-10-13 19:27:16.790 - RealTimeSTT: realtimestt - DEBUG - Current realtime buffer size: 61952
2025-10-13 19:27:16.790 - RealTimeSTT: realtimestt - DEBUG - Current realtime buffer size: 61952
2025-10-13 19:27:17.187 - RealTimeSTT: realtimestt - DEBUG - Realtime text detected:  Can I know the value of the AI services provider by shop?
2025-10-13 19:27:17.187 - RealTimeSTT: realtimestt - DEBUG - Realtime text detected:  Can I know the value of the AI services provider by shop?
2025-10-13 19:27:17.187 - RealTimeSTT: realtimestt - DEBUG - Current realtime buffer size: 68096
2025-10-13 19:27:17.187 - RealTimeSTT: realtimestt - DEBUG - Current realtime buffer size: 68096
2025-10-13 19:27:17.599 - RealTimeSTT: realtimestt - DEBUG - Realtime text detected:  Can I know the value of the AI services provider by Shambla Tech?
2025-10-13 19:27:17.599 - RealTimeSTT: realtimestt - DEBUG - Realtime text detected:  Can I know the value of the AI services provider by Shambla Tech?
2025-10-13 19:27:17.773 - RealTimeSTT: realtimestt - DEBUG - Current realtime buffer size: 78336
2025-10-13 19:27:17.773 - RealTimeSTT: realtimestt - DEBUG - Current realtime buffer size: 78336
2025-10-13 19:27:18.243 - RealTimeSTT: realtimestt - DEBUG - Realtime text detected:  Can I know the value of the AI services provider by Shamla Te?
2025-10-13 19:27:18.243 - RealTimeSTT: realtimestt - DEBUG - Realtime text detected:  Can I know the value of the AI services provider by Shamla Te?
2025-10-13 19:27:18.243 - RealTimeSTT: realtimestt - DEBUG - Current realtime buffer size: 85504
2025-10-13 19:27:18.243 - RealTimeSTT: realtimestt - DEBUG - Current realtime buffer size: 85504
2025-10-13 19:27:18.609 - RealTimeSTT: realtimestt - DEBUG - Realtime text detected:  Can I know the value of the AI services provider by Shamblite? And also...
2025-10-13 19:27:18.609 - RealTimeSTT: realtimestt - DEBUG - Realtime text detected:  Can I know the value of the AI services provider by Shamblite? And also...
2025-10-13 19:27:18.610 - RealTimeSTT: realtimestt - DEBUG - Current realtime buffer size: 91648
2025-10-13 19:27:18.610 - RealTimeSTT: realtimestt - DEBUG - Current realtime buffer size: 91648
2025-10-13 19:27:19.057 - RealTimeSTT: realtimestt - DEBUG - Realtime text detected:  Can I know the value of the AI services provider by Shamblite and also the
2025-10-13 19:27:19.057 - RealTimeSTT: realtimestt - DEBUG - Realtime text detected:  Can I know the value of the AI services provider by Shamblite and also the
2025-10-13 19:27:19.245 - RealTimeSTT: realtimestt - DEBUG - Current realtime buffer size: 101888
2025-10-13 19:27:19.245 - RealTimeSTT: realtimestt - DEBUG - Current realtime buffer size: 101888
2025-10-13 19:27:19.637 - RealTimeSTT: realtimestt - DEBUG - Realtime text detected:  Can I know the value of the AI services provider by Shamblite and also the
2025-10-13 19:27:19.637 - RealTimeSTT: realtimestt - DEBUG - Realtime text detected:  Can I know the value of the AI services provider by Shamblite and also the
2025-10-13 19:27:19.638 - RealTimeSTT: realtimestt - DEBUG - Current realtime buffer size: 108032
2025-10-13 19:27:19.638 - RealTimeSTT: realtimestt - DEBUG - Current realtime buffer size: 108032
2025-10-13 19:27:20.108 - RealTimeSTT: realtimestt - DEBUG - Realtime text detected:  Can I know the value of the AI services provider by Shamblite and also the values?
2025-10-13 19:27:20.108 - RealTimeSTT: realtimestt - DEBUG - Realtime text detected:  Can I know the value of the AI services provider by Shamblite and also the values?
2025-10-13 19:27:20.108 - RealTimeSTT: realtimestt - DEBUG - Current realtime buffer size: 115200
2025-10-13 19:27:20.108 - RealTimeSTT: realtimestt - DEBUG - Current realtime buffer size: 115200
2025-10-13 19:27:20.530 - RealTimeSTT: realtimestt - DEBUG - Realtime text detected:  Can I know the value of the AI services provider by Shamblite and also the values of
2025-10-13 19:27:20.530 - RealTimeSTT: realtimestt - DEBUG - Realtime text detected:  Can I know the value of the AI services provider by Shamblite and also the values of
2025-10-13 19:27:20.530 - RealTimeSTT: realtimestt - DEBUG - Current realtime buffer size: 122368
2025-10-13 19:27:20.530 - RealTimeSTT: realtimestt - DEBUG - Current realtime buffer size: 122368
2025-10-13 19:27:20.978 - RealTimeSTT: realtimestt - DEBUG - Realtime text detected:  Can I know the value of the AI services provider by Shamblite and also the values of provide
2025-10-13 19:27:20.978 - RealTimeSTT: realtimestt - DEBUG - Realtime text detected:  Can I know the value of the AI services provider by Shamblite and also the values of provide
2025-10-13 19:27:20.979 - RealTimeSTT: realtimestt - DEBUG - Current realtime buffer size: 128512
2025-10-13 19:27:20.979 - RealTimeSTT: realtimestt - DEBUG - Current realtime buffer size: 128512
2025-10-13 19:27:21.538 - RealTimeSTT: realtimestt - DEBUG - Realtime text detected:  Can I know the value of the AI services provided by Shamblite and also the values of provide values of
2025-10-13 19:27:21.538 - RealTimeSTT: realtimestt - DEBUG - Realtime text detected:  Can I know the value of the AI services provided by Shamblite and also the values of provide values of
2025-10-13 19:27:21.538 - RealTimeSTT: realtimestt - DEBUG - Current realtime buffer size: 137728
2025-10-13 19:27:21.538 - RealTimeSTT: realtimestt - DEBUG - Current realtime buffer size: 137728
2025-10-13 19:27:22.035 - RealTimeSTT: realtimestt - DEBUG - Realtime text detected:  Can I know the value of the AI services provided by Shamblite and also the values of provide values of
2025-10-13 19:27:22.035 - RealTimeSTT: realtimestt - DEBUG - Realtime text detected:  Can I know the value of the AI services provided by Shamblite and also the values of provide values of
2025-10-13 19:27:22.036 - RealTimeSTT: realtimestt - DEBUG - Current realtime buffer size: 145920
2025-10-13 19:27:22.036 - RealTimeSTT: realtimestt - DEBUG - Current realtime buffer size: 145920
2025-10-13 19:27:22.482 - RealTimeSTT: realtimestt - DEBUG - Realtime text detected:  Can I know the value of the AI services provided by Shamblite and also the values of provide values of cryptocurrency?
2025-10-13 19:27:22.482 - RealTimeSTT: realtimestt - DEBUG - Realtime text detected:  Can I know the value of the AI services provided by Shamblite and also the values of provide values of cryptocurrency?
2025-10-13 19:27:22.483 - RealTimeSTT: realtimestt - DEBUG - Current realtime buffer size: 153088
2025-10-13 19:27:22.483 - RealTimeSTT: realtimestt - DEBUG - Current realtime buffer size: 153088
2025-10-13 19:27:22.948 - RealTimeSTT: realtimestt - DEBUG - Realtime text detected:  Can I know the value of the AI services provided by Shamblite and also the values of provide values of cryptocurrency right now?
2025-10-13 19:27:22.948 - RealTimeSTT: realtimestt - DEBUG - Realtime text detected:  Can I know the value of the AI services provided by Shamblite and also the values of provide values of cryptocurrency right now?
2025-10-13 19:27:22.957 - RealTimeSTT: realtimestt - DEBUG - Current realtime buffer size: 161280
2025-10-13 19:27:22.957 - RealTimeSTT: realtimestt - DEBUG - Current realtime buffer size: 161280
2025-10-13 19:27:23.460 - RealTimeSTT: realtimestt - DEBUG - Realtime text detected:  Can I know the value of the AI service is provided by Shamblite? And also the values of cryptocurrency right now.
2025-10-13 19:27:23.460 - RealTimeSTT: realtimestt - DEBUG - Realtime text detected:  Can I know the value of the AI service is provided by Shamblite? And also the values of cryptocurrency right now.
2025-10-13 19:27:23.460 - RealTimeSTT: realtimestt - DEBUG - Current realtime buffer size: 168448
2025-10-13 19:27:23.460 - RealTimeSTT: realtimestt - DEBUG - Current realtime buffer size: 168448
2025-10-13 19:27:23.934 - RealTimeSTT: realtimestt - DEBUG - Realtime text detected:  Can I know the value of the AI service is provided by Shamblite? And also the values of the product values of cryptocurrency right now.
2025-10-13 19:27:23.934 - RealTimeSTT: realtimestt - DEBUG - Realtime text detected:  Can I know the value of the AI service is provided by Shamblite? And also the values of the product values of cryptocurrency right now.
2025-10-13 19:27:23.934 - RealTimeSTT: realtimestt - DEBUG - Current realtime buffer size: 176640
2025-10-13 19:27:23.934 - RealTimeSTT: realtimestt - DEBUG - Current realtime buffer size: 176640
2025-10-13 19:27:24.421 - RealTimeSTT: realtimestt - DEBUG - Realtime text detected:  Can I know the value of the AI services provided by Shamblite? And also the values of cryptocurrency right now and the offers
2025-10-13 19:27:24.421 - RealTimeSTT: realtimestt - DEBUG - Realtime text detected:  Can I know the value of the AI services provided by Shamblite? And also the values of cryptocurrency right now and the offers
2025-10-13 19:27:24.421 - RealTimeSTT: realtimestt - DEBUG - Current realtime buffer size: 183808
2025-10-13 19:27:24.421 - RealTimeSTT: realtimestt - DEBUG - Current realtime buffer size: 183808
2025-10-13 19:27:24.882 - RealTimeSTT: realtimestt - DEBUG - Realtime text detected:  Can I know the value of the AI service is provided by Shamblite and also the values of corporate cryptocurrency right now and the offers they provide
2025-10-13 19:27:24.882 - RealTimeSTT: realtimestt - DEBUG - Realtime text detected:  Can I know the value of the AI service is provided by Shamblite and also the values of corporate cryptocurrency right now and the offers they provide
2025-10-13 19:27:24.882 - RealTimeSTT: realtimestt - DEBUG - Current realtime buffer size: 192000
2025-10-13 19:27:24.882 - RealTimeSTT: realtimestt - DEBUG - Current realtime buffer size: 192000
2025-10-13 19:27:25.464 - RealTimeSTT: realtimestt - DEBUG - Realtime text detected:  Can I know the value of the AI service is provided by Shamblite and also the values of the provide values of cryptocurrency right now and the offers they provide
2025-10-13 19:27:25.464 - RealTimeSTT: realtimestt - DEBUG - Realtime text detected:  Can I know the value of the AI service is provided by Shamblite and also the values of the provide values of cryptocurrency right now and the offers they provide
2025-10-13 19:27:25.465 - RealTimeSTT: realtimestt - DEBUG - Current realtime buffer size: 201216
2025-10-13 19:27:25.465 - RealTimeSTT: realtimestt - DEBUG - Current realtime buffer size: 201216
2025-10-13 19:27:26.006 - RealTimeSTT: realtimestt - DEBUG - Realtime text detected:  Can I know the value of the AI services provided by Shamblite and also the values of provide values of cryptocurrency right now and the offers they provide for block
2025-10-13 19:27:26.006 - RealTimeSTT: realtimestt - DEBUG - Realtime text detected:  Can I know the value of the AI services provided by Shamblite and also the values of provide values of cryptocurrency right now and the offers they provide for block
2025-10-13 19:27:26.556 - RealTimeSTT: realtimestt - INFO - recording stopped
2025-10-13 19:27:26.556 - RealTimeSTT: realtimestt - INFO - recording stopped
2025-10-13 19:27:26.588 - RealTimeSTT: realtimestt - DEBUG - No samples removed, final audio length: 218112
2025-10-13 19:27:26.588 - RealTimeSTT: realtimestt - DEBUG - No samples removed, final audio length: 218112
2025-10-13 19:27:26.588 - RealTimeSTT: realtimestt - INFO - State changed from 'recording' to 'inactive'
2025-10-13 19:27:26.588 - RealTimeSTT: realtimestt - INFO - State changed from 'recording' to 'inactive'
2025-10-13 19:27:26.604 - RealTimeSTT: realtimestt - INFO - State changed from 'inactive' to 'transcribing'
2025-10-13 19:27:26.604 - RealTimeSTT: realtimestt - INFO - State changed from 'inactive' to 'transcribing'
2025-10-13 19:27:26.606 - RealTimeSTT: realtimestt - DEBUG - Adding transcription request, no early transcription started
2025-10-13 19:27:26.606 - RealTimeSTT: realtimestt - DEBUG - Adding transcription request, no early transcription started
2025-10-13 19:27:26.610 - RealTimeSTT: realtimestt - DEBUG - Receive from parent_transcription_pipe after sendiung transcription request, transcribe_count: 1
2025-10-13 19:27:26.610 - RealTimeSTT: realtimestt - DEBUG - Receive from parent_transcription_pipe after sendiung transcription request, transcribe_count: 1
2025-10-13 19:27:26.710 - RealTimeSTT: realtimestt - DEBUG - Receive from parent_transcription_pipe after sendiung transcription request, transcribe_count: 1
2025-10-13 19:27:26.710 - RealTimeSTT: realtimestt - DEBUG - Receive from parent_transcription_pipe after sendiung transcription request, transcribe_count: 1
2025-10-13 19:27:26.811 - RealTimeSTT: realtimestt - DEBUG - Receive from parent_transcription_pipe after sendiung transcription request, transcribe_count: 1
2025-10-13 19:27:26.811 - RealTimeSTT: realtimestt - DEBUG - Receive from parent_transcription_pipe after sendiung transcription request, transcribe_count: 1
2025-10-13 19:27:26.912 - RealTimeSTT: realtimestt - DEBUG - Receive from parent_transcription_pipe after sendiung transcription request, transcribe_count: 1
2025-10-13 19:27:26.912 - RealTimeSTT: realtimestt - DEBUG - Receive from parent_transcription_pipe after sendiung transcription request, transcribe_count: 1
2025-10-13 19:27:27.013 - RealTimeSTT: realtimestt - DEBUG - Receive from parent_transcription_pipe after sendiung transcription request, transcribe_count: 1
2025-10-13 19:27:27.013 - RealTimeSTT: realtimestt - DEBUG - Receive from parent_transcription_pipe after sendiung transcription request, transcribe_count: 1
2025-10-13 19:27:27.114 - RealTimeSTT: realtimestt - DEBUG - Receive from parent_transcription_pipe after sendiung transcription request, transcribe_count: 1
2025-10-13 19:27:27.114 - RealTimeSTT: realtimestt - DEBUG - Receive from parent_transcription_pipe after sendiung transcription request, transcribe_count: 1
2025-10-13 19:27:27.214 - RealTimeSTT: realtimestt - DEBUG - Receive from parent_transcription_pipe after sendiung transcription request, transcribe_count: 1
2025-10-13 19:27:27.214 - RealTimeSTT: realtimestt - DEBUG - Receive from parent_transcription_pipe after sendiung transcription request, transcribe_count: 1
2025-10-13 19:27:27.314 - RealTimeSTT: realtimestt - DEBUG - Receive from parent_transcription_pipe after sendiung transcription request, transcribe_count: 1
2025-10-13 19:27:27.314 - RealTimeSTT: realtimestt - DEBUG - Receive from parent_transcription_pipe after sendiung transcription request, transcribe_count: 1
2025-10-13 19:27:27.416 - RealTimeSTT: realtimestt - DEBUG - Receive from parent_transcription_pipe after sendiung transcription request, transcribe_count: 1
2025-10-13 19:27:27.416 - RealTimeSTT: realtimestt - DEBUG - Receive from parent_transcription_pipe after sendiung transcription request, transcribe_count: 1
2025-10-13 19:27:27.516 - RealTimeSTT: realtimestt - DEBUG - Receive from parent_transcription_pipe after sendiung transcription request, transcribe_count: 1
2025-10-13 19:27:27.516 - RealTimeSTT: realtimestt - DEBUG - Receive from parent_transcription_pipe after sendiung transcription request, transcribe_count: 1
2025-10-13 19:27:27.619 - RealTimeSTT: realtimestt - DEBUG - Receive from parent_transcription_pipe after sendiung transcription request, transcribe_count: 1
2025-10-13 19:27:27.619 - RealTimeSTT: realtimestt - DEBUG - Receive from parent_transcription_pipe after sendiung transcription request, transcribe_count: 1
2025-10-13 19:27:27.664 - RealTimeSTT: realtimestt - INFO - State changed from 'transcribing' to 'inactive'
2025-10-13 19:27:27.664 - RealTimeSTT: realtimestt - INFO - State changed from 'transcribing' to 'inactive'
2025-10-13 19:27:27.684 - RealTimeSTT: realtimestt - DEBUG - Model base completed transcription in 1.08 seconds
2025-10-13 19:27:27.684 - RealTimeSTT: realtimestt - DEBUG - Model base completed transcription in 1.08 seconds
2025-10-13 19:27:30.272 - RealTimeSTT: realtimestt - INFO - Setting listen time
2025-10-13 19:27:30.272 - RealTimeSTT: realtimestt - INFO - Setting listen time
2025-10-13 19:27:30.272 - RealTimeSTT: realtimestt - DEBUG - Waiting for recording start
2025-10-13 19:27:30.272 - RealTimeSTT: realtimestt - DEBUG - Waiting for recording start
2025-10-13 19:28:00.278 - RealTimeSTT: realtimestt - INFO - Setting listen time
2025-10-13 19:28:00.278 - RealTimeSTT: realtimestt - INFO - Setting listen time
2025-10-13 19:28:00.279 - RealTimeSTT: realtimestt - INFO - State changed from 'inactive' to 'listening'
2025-10-13 19:28:00.279 - RealTimeSTT: realtimestt - INFO - State changed from 'inactive' to 'listening'
2025-10-13 19:28:00.285 - RealTimeSTT: realtimestt - DEBUG - Waiting for recording start
2025-10-13 19:28:00.285 - RealTimeSTT: realtimestt - DEBUG - Waiting for recording start
2025-10-13 19:28:18.773 - RealTimeSTT: realtimestt - INFO - voice activity detected
2025-10-13 19:28:18.773 - RealTimeSTT: realtimestt - INFO - voice activity detected
2025-10-13 19:28:18.773 - RealTimeSTT: realtimestt - INFO - recording started
2025-10-13 19:28:18.773 - RealTimeSTT: realtimestt - INFO - recording started
2025-10-13 19:28:18.773 - RealTimeSTT: realtimestt - INFO - State changed from 'listening' to 'recording'
2025-10-13 19:28:18.773 - RealTimeSTT: realtimestt - INFO - State changed from 'listening' to 'recording'
2025-10-13 19:28:18.773 - RealTimeSTT: realtimestt - DEBUG - Waiting for recording stop
2025-10-13 19:28:18.773 - RealTimeSTT: realtimestt - DEBUG - Waiting for recording stop
2025-10-13 19:28:18.788 - RealTimeSTT: realtimestt - DEBUG - Current realtime buffer size: 16896
2025-10-13 19:28:18.788 - RealTimeSTT: realtimestt - DEBUG - Current realtime buffer size: 16896
2025-10-13 19:28:19.119 - RealTimeSTT: realtimestt - DEBUG - Realtime text detected:  Done!
2025-10-13 19:28:19.119 - RealTimeSTT: realtimestt - DEBUG - Realtime text detected:  Done!
2025-10-13 19:28:19.120 - RealTimeSTT: realtimestt - DEBUG - Current realtime buffer size: 22016
2025-10-13 19:28:19.120 - RealTimeSTT: realtimestt - DEBUG - Current realtime buffer size: 22016
2025-10-13 19:28:19.411 - RealTimeSTT: realtimestt - DEBUG - Realtime text detected:  That's cool.
2025-10-13 19:28:19.411 - RealTimeSTT: realtimestt - DEBUG - Realtime text detected:  That's cool.
2025-10-13 19:28:19.605 - RealTimeSTT: realtimestt - DEBUG - Current realtime buffer size: 30208
2025-10-13 19:28:19.605 - RealTimeSTT: realtimestt - DEBUG - Current realtime buffer size: 30208
2025-10-13 19:28:19.971 - RealTimeSTT: realtimestt - DEBUG - Realtime text detected:  That's cool.
2025-10-13 19:28:19.971 - RealTimeSTT: realtimestt - DEBUG - Realtime text detected:  That's cool.
2025-10-13 19:28:19.971 - RealTimeSTT: realtimestt - DEBUG - Current realtime buffer size: 35328
2025-10-13 19:28:19.971 - RealTimeSTT: realtimestt - DEBUG - Current realtime buffer size: 35328
2025-10-13 19:28:20.321 - RealTimeSTT: realtimestt - DEBUG - Realtime text detected:  That's cool.
2025-10-13 19:28:20.321 - RealTimeSTT: realtimestt - DEBUG - Realtime text detected:  That's cool.
2025-10-13 19:28:20.321 - RealTimeSTT: realtimestt - DEBUG - Current realtime buffer size: 41472
2025-10-13 19:28:20.321 - RealTimeSTT: realtimestt - DEBUG - Current realtime buffer size: 41472
2025-10-13 19:28:20.667 - RealTimeSTT: realtimestt - DEBUG - Realtime text detected:  That's cool.
2025-10-13 19:28:20.667 - RealTimeSTT: realtimestt - DEBUG - Realtime text detected:  That's cool.
2025-10-13 19:28:20.667 - RealTimeSTT: realtimestt - DEBUG - Current realtime buffer size: 46592
2025-10-13 19:28:20.667 - RealTimeSTT: realtimestt - DEBUG - Current realtime buffer size: 46592
2025-10-13 19:28:21.003 - RealTimeSTT: realtimestt - DEBUG - Realtime text detected:  That's cool.
2025-10-13 19:28:21.003 - RealTimeSTT: realtimestt - DEBUG - Realtime text detected:  That's cool.
2025-10-13 19:28:21.003 - RealTimeSTT: realtimestt - DEBUG - Current realtime buffer size: 51712
2025-10-13 19:28:21.003 - RealTimeSTT: realtimestt - DEBUG - Current realtime buffer size: 51712
2025-10-13 19:28:21.434 - RealTimeSTT: realtimestt - DEBUG - Realtime text detected:  That's cool.
2025-10-13 19:28:21.434 - RealTimeSTT: realtimestt - DEBUG - Realtime text detected:  That's cool.
2025-10-13 19:28:21.590 - RealTimeSTT: realtimestt - DEBUG - Current realtime buffer size: 61952
2025-10-13 19:28:21.590 - RealTimeSTT: realtimestt - DEBUG - Current realtime buffer size: 61952
2025-10-13 19:28:21.968 - RealTimeSTT: realtimestt - DEBUG - Realtime text detected:  That's cool. I would like
2025-10-13 19:28:21.968 - RealTimeSTT: realtimestt - DEBUG - Realtime text detected:  That's cool. I would like
2025-10-13 19:28:22.101 - RealTimeSTT: realtimestt - DEBUG - Current realtime buffer size: 70144
2025-10-13 19:28:22.101 - RealTimeSTT: realtimestt - DEBUG - Current realtime buffer size: 70144
2025-10-13 19:28:22.470 - RealTimeSTT: realtimestt - DEBUG - Realtime text detected:  That's cool. I would like the
2025-10-13 19:28:22.470 - RealTimeSTT: realtimestt - DEBUG - Realtime text detected:  That's cool. I would like the
2025-10-13 19:28:22.470 - RealTimeSTT: realtimestt - DEBUG - Current realtime buffer size: 75264
2025-10-13 19:28:22.470 - RealTimeSTT: realtimestt - DEBUG - Current realtime buffer size: 75264
2025-10-13 19:28:22.830 - RealTimeSTT: realtimestt - DEBUG - Realtime text detected:  That's cool. I would like the AS.
2025-10-13 19:28:22.830 - RealTimeSTT: realtimestt - DEBUG - Realtime text detected:  That's cool. I would like the AS.
2025-10-13 19:28:22.830 - RealTimeSTT: realtimestt - DEBUG - Current realtime buffer size: 81408
2025-10-13 19:28:22.830 - RealTimeSTT: realtimestt - DEBUG - Current realtime buffer size: 81408
2025-10-13 19:28:23.185 - RealTimeSTT: realtimestt - DEBUG - Realtime text detected:  That's cool. I would like the AI service.
2025-10-13 19:28:23.185 - RealTimeSTT: realtimestt - DEBUG - Realtime text detected:  That's cool. I would like the AI service.
2025-10-13 19:28:23.185 - RealTimeSTT: realtimestt - DEBUG - Current realtime buffer size: 86528
2025-10-13 19:28:23.185 - RealTimeSTT: realtimestt - DEBUG - Current realtime buffer size: 86528
2025-10-13 19:28:23.579 - RealTimeSTT: realtimestt - DEBUG - Realtime text detected:  That's cool. I would like the AI services
2025-10-13 19:28:23.579 - RealTimeSTT: realtimestt - DEBUG - Realtime text detected:  That's cool. I would like the AI services
2025-10-13 19:28:23.594 - RealTimeSTT: realtimestt - DEBUG - Current realtime buffer size: 93696
2025-10-13 19:28:23.594 - RealTimeSTT: realtimestt - DEBUG - Current realtime buffer size: 93696
2025-10-13 19:28:24.004 - RealTimeSTT: realtimestt - DEBUG - Realtime text detected:  That's cool. I would like the AI services partner.
2025-10-13 19:28:24.004 - RealTimeSTT: realtimestt - DEBUG - Realtime text detected:  That's cool. I would like the AI services partner.
2025-10-13 19:28:24.404 - RealTimeSTT: realtimestt - INFO - recording stopped
2025-10-13 19:28:24.404 - RealTimeSTT: realtimestt - INFO - recording stopped
2025-10-13 19:28:24.406 - RealTimeSTT: realtimestt - DEBUG - No samples removed, final audio length: 106496
2025-10-13 19:28:24.406 - RealTimeSTT: realtimestt - DEBUG - No samples removed, final audio length: 106496
2025-10-13 19:28:24.406 - RealTimeSTT: realtimestt - INFO - State changed from 'recording' to 'inactive'
2025-10-13 19:28:24.406 - RealTimeSTT: realtimestt - INFO - State changed from 'recording' to 'inactive'
2025-10-13 19:28:24.479 - RealTimeSTT: realtimestt - INFO - State changed from 'inactive' to 'transcribing'
2025-10-13 19:28:24.479 - RealTimeSTT: realtimestt - INFO - State changed from 'inactive' to 'transcribing'
2025-10-13 19:28:24.483 - RealTimeSTT: realtimestt - DEBUG - Adding transcription request, no early transcription started
2025-10-13 19:28:24.483 - RealTimeSTT: realtimestt - DEBUG - Adding transcription request, no early transcription started
2025-10-13 19:28:24.487 - RealTimeSTT: realtimestt - DEBUG - Receive from parent_transcription_pipe after sendiung transcription request, transcribe_count: 1
2025-10-13 19:28:24.487 - RealTimeSTT: realtimestt - DEBUG - Receive from parent_transcription_pipe after sendiung transcription request, transcribe_count: 1
2025-10-13 19:28:24.589 - RealTimeSTT: realtimestt - DEBUG - Receive from parent_transcription_pipe after sendiung transcription request, transcribe_count: 1
2025-10-13 19:28:24.589 - RealTimeSTT: realtimestt - DEBUG - Receive from parent_transcription_pipe after sendiung transcription request, transcribe_count: 1
2025-10-13 19:28:24.689 - RealTimeSTT: realtimestt - DEBUG - Receive from parent_transcription_pipe after sendiung transcription request, transcribe_count: 1
2025-10-13 19:28:24.689 - RealTimeSTT: realtimestt - DEBUG - Receive from parent_transcription_pipe after sendiung transcription request, transcribe_count: 1
2025-10-13 19:28:24.789 - RealTimeSTT: realtimestt - DEBUG - Receive from parent_transcription_pipe after sendiung transcription request, transcribe_count: 1
2025-10-13 19:28:24.789 - RealTimeSTT: realtimestt - DEBUG - Receive from parent_transcription_pipe after sendiung transcription request, transcribe_count: 1
2025-10-13 19:28:24.890 - RealTimeSTT: realtimestt - DEBUG - Receive from parent_transcription_pipe after sendiung transcription request, transcribe_count: 1
2025-10-13 19:28:24.890 - RealTimeSTT: realtimestt - DEBUG - Receive from parent_transcription_pipe after sendiung transcription request, transcribe_count: 1
2025-10-13 19:28:24.990 - RealTimeSTT: realtimestt - DEBUG - Receive from parent_transcription_pipe after sendiung transcription request, transcribe_count: 1
2025-10-13 19:28:24.990 - RealTimeSTT: realtimestt - DEBUG - Receive from parent_transcription_pipe after sendiung transcription request, transcribe_count: 1
2025-10-13 19:28:25.091 - RealTimeSTT: realtimestt - DEBUG - Receive from parent_transcription_pipe after sendiung transcription request, transcribe_count: 1
2025-10-13 19:28:25.091 - RealTimeSTT: realtimestt - DEBUG - Receive from parent_transcription_pipe after sendiung transcription request, transcribe_count: 1
2025-10-13 19:28:25.191 - RealTimeSTT: realtimestt - DEBUG - Receive from parent_transcription_pipe after sendiung transcription request, transcribe_count: 1
2025-10-13 19:28:25.191 - RealTimeSTT: realtimestt - DEBUG - Receive from parent_transcription_pipe after sendiung transcription request, transcribe_count: 1
2025-10-13 19:28:25.229 - RealTimeSTT: realtimestt - INFO - State changed from 'transcribing' to 'inactive'
2025-10-13 19:28:25.229 - RealTimeSTT: realtimestt - INFO - State changed from 'transcribing' to 'inactive'
2025-10-13 19:28:25.247 - RealTimeSTT: realtimestt - DEBUG - Model base completed transcription in 0.76 seconds
2025-10-13 19:28:25.247 - RealTimeSTT: realtimestt - DEBUG - Model base completed transcription in 0.76 seconds
2025-10-13 19:28:31.461 - RealTimeSTT: realtimestt - INFO - Setting listen time
2025-10-13 19:28:31.461 - RealTimeSTT: realtimestt - INFO - Setting listen time
2025-10-13 19:28:31.461 - RealTimeSTT: realtimestt - DEBUG - Waiting for recording start
2025-10-13 19:28:31.461 - RealTimeSTT: realtimestt - DEBUG - Waiting for recording start
2025-10-13 19:29:01.471 - RealTimeSTT: realtimestt - INFO - Setting listen time
2025-10-13 19:29:01.471 - RealTimeSTT: realtimestt - INFO - Setting listen time
2025-10-13 19:29:01.471 - RealTimeSTT: realtimestt - INFO - State changed from 'inactive' to 'listening'
2025-10-13 19:29:01.471 - RealTimeSTT: realtimestt - INFO - State changed from 'inactive' to 'listening'
2025-10-13 19:29:01.475 - RealTimeSTT: realtimestt - DEBUG - Waiting for recording start
2025-10-13 19:29:01.475 - RealTimeSTT: realtimestt - DEBUG - Waiting for recording start
2025-10-13 19:29:10.291 - RealTimeSTT: realtimestt - DEBUG - No samples removed, final audio length: 0
2025-10-13 19:29:10.291 - RealTimeSTT: realtimestt - DEBUG - No samples removed, final audio length: 0
2025-10-13 19:29:10.291 - RealTimeSTT: realtimestt - INFO - State changed from 'listening' to 'inactive'
2025-10-13 19:29:10.291 - RealTimeSTT: realtimestt - INFO - State changed from 'listening' to 'inactive'
2025-10-13 19:29:10.311 - RealTimeSTT: realtimestt - DEBUG - Receive from stdout pipe
2025-10-13 19:29:10.311 - RealTimeSTT: realtimestt - DEBUG - Receive from stdout pipe
2025-10-13 19:29:10.311 - RealTimeSTT: realtimestt - DEBUG - No samples removed, final audio length: 0
2025-10-13 19:29:10.311 - RealTimeSTT: realtimestt - DEBUG - No samples removed, final audio length: 0
2025-10-13 19:29:10.311 - RealTimeSTT: realtimestt - DEBUG - No samples removed, final audio length: 0
2025-10-13 19:29:10.311 - RealTimeSTT: realtimestt - DEBUG - No samples removed, final audio length: 0
2025-10-13 19:29:10.311 - RealTimeSTT: realtimestt - INFO - None
2025-10-13 19:29:10.311 - RealTimeSTT: realtimestt - INFO - None
2025-10-13 19:29:10.311 - RealTimeSTT: realtimestt - INFO - State changed from 'listening' to 'inactive'
2025-10-13 19:29:10.311 - RealTimeSTT: realtimestt - INFO - State changed from 'listening' to 'inactive'
2025-10-13 19:29:10.327 - RealTimeSTT: realtimestt - DEBUG - No samples removed, final audio length: 0
2025-10-13 19:29:10.327 - RealTimeSTT: realtimestt - DEBUG - No samples removed, final audio length: 0
